contract_id,clause_id,original_identifier,article_number,paragraph_number,content,clause_type,contract_type,jurisdiction,language,issuer,version,source_uri,is_reference,text
NDA_REF_KR_2025_V1,definitions-001,제1조 제1항,1,1,"정의. 본 계약에서 '목적'은 당사자 간 논의·평가·검증 등을 의미하며, '자료'는 서면·구두·전자적 형식의 일체 정보를 포함한다.",definitions,NDA,KR-Busan,ko,LexGuard-RefPack-NDA,2025-09-16,internal:lexguard/nda_ref_pack_v1,True,"정의. 본 계약에서 '목적'은 당사자 간 논의·평가·검증 등을 의미하며, '자료'는 서면·구두·전자적 형식의 일체 정보를 포함한다."
NDA_REF_KR_2025_V1,confidential_information_definition-002,제2조 제2항,2,2,"비밀정보의 정의. '비밀정보'란 공개되지 않은 기술·상업·재무·고객 정보 및 샘플·도면·코드 등 일체의 자료를 의미하며, 표시에 관계없이 그 성질상 비밀로 볼 수 있는 정보를 포함한다.",confidential_information_definition,NDA,KR,ko,LexGuard-RefPack-NDA,2025-09-16,internal:lexguard/nda_ref_pack_v1,True,"비밀정보의 정의. '비밀정보'란 공개되지 않은 기술·상업·재무·고객 정보 및 샘플·도면·코드 등 일체의 자료를 의미하며, 표시에 관계없이 그 성질상 비밀로 볼 수 있는 정보를 포함한다."
NDA_REF_KR_2025_V1,purpose-003,제3조 제3항,3,3,목적. 수신자는 비밀정보를 오직 프로젝트 타당성 검토 및 협업 가능성 평가 목적에 한하여 사용한다.,purpose,NDA,KR,ko,LexGuard-RefPack-NDA,2025-09-16,internal:lexguard/nda_ref_pack_v1,True,목적. 수신자는 비밀정보를 오직 프로젝트 타당성 검토 및 협업 가능성 평가 목적에 한하여 사용한다.
NDA_REF_KR_2025_V1,non_disclosure-004,제4조 제4항,4,4,"비밀유지의무. 수신자는 비밀정보를 제3자에게 누설하여서는 아니 되며, 최소한 합리적인 주의의무 이상으로 이를 보호하여야 한다.",non_disclosure,NDA,KR,ko,LexGuard-RefPack-NDA,2025-09-16,internal:lexguard/nda_ref_pack_v1,True,"비밀유지의무. 수신자는 비밀정보를 제3자에게 누설하여서는 아니 되며, 최소한 합리적인 주의의무 이상으로 이를 보호하여야 한다."
NDA_REF_KR_2025_V1,non_use-005,제5조 제1항,5,1,비사용의무. 수신자는 비밀정보를 본 계약에서 정한 목적 외의 용도로 사용하지 아니한다.,non_use,NDA,KR-Busan,ko,LexGuard-RefPack-NDA,2025-09-16,internal:lexguard/nda_ref_pack_v1,True,비사용의무. 수신자는 비밀정보를 본 계약에서 정한 목적 외의 용도로 사용하지 아니한다.
NDA_REF_KR_2025_V1,exclusions-006,제6조 제2항,6,2,"예외. 다음 각 호의 정보는 비밀정보에서 제외된다: (1) 공개 당시 이미 공지된 정보, (2) 수신자의 귀책사유 없이 공지에 이른 정보, (3) 적법하게 제3자로부터 취득한 정보, (4) 비밀정보를 사용하지 않고 독자적으로 개발한 정보.",exclusions,NDA,KR-Busan,ko,LexGuard-RefPack-NDA,2025-09-16,internal:lexguard/nda_ref_pack_v1,True,"예외. 다음 각 호의 정보는 비밀정보에서 제외된다: (1) 공개 당시 이미 공지된 정보, (2) 수신자의 귀책사유 없이 공지에 이른 정보, (3) 적법하게 제3자로부터 취득한 정보, (4) 비밀정보를 사용하지 않고 독자적으로 개발한 정보."
NDA_REF_KR_2025_V1,permitted_disclosure-007,제7조 제3항,7,3,"허용되는 공개. 법령 또는 법원·정부기관의 요구에 의하여 공개가 필요한 경우, 가능한 범위에서 사전 서면 통지 후 최소 범위로 공개할 수 있다. 수신자의 임직원·자문사는 필요 최소한으로만 접근할 수 있으며 동일한 수준의 비밀유지의무를 부담한다.",permitted_disclosure,NDA,KR,ko,LexGuard-RefPack-NDA,2025-09-16,internal:lexguard/nda_ref_pack_v1,True,"허용되는 공개. 법령 또는 법원·정부기관의 요구에 의하여 공개가 필요한 경우, 가능한 범위에서 사전 서면 통지 후 최소 범위로 공개할 수 있다. 수신자의 임직원·자문사는 필요 최소한으로만 접근할 수 있으며 동일한 수준의 비밀유지의무를 부담한다."
NDA_REF_KR_2025_V1,term-008,제8조 제4항,8,4,기간. 본 계약의 유효기간은 서명일로부터 3년으로 한다. 다만 비밀유지의무는 유효기간 만료 후에도 제20조(존속)에 따라 존속한다.,term,NDA,KR,ko,LexGuard-RefPack-NDA,2025-09-16,internal:lexguard/nda_ref_pack_v1,True,기간. 본 계약의 유효기간은 서명일로부터 3년으로 한다. 다만 비밀유지의무는 유효기간 만료 후에도 제20조(존속)에 따라 존속한다.
NDA_REF_KR_2025_V1,survival-009,제9조 제1항,9,1,"존속. 비밀유지, 비사용, 권리불포기, 준거법 및 분쟁해결 조항은 계약 종료 후에도 5년간 존속하며, 영업비밀에 해당하는 정보에 대해서는 그 비밀성이 유지되는 동안 존속한다.",survival,NDA,KR,ko,LexGuard-RefPack-NDA,2025-09-16,internal:lexguard/nda_ref_pack_v1,True,"존속. 비밀유지, 비사용, 권리불포기, 준거법 및 분쟁해결 조항은 계약 종료 후에도 5년간 존속하며, 영업비밀에 해당하는 정보에 대해서는 그 비밀성이 유지되는 동안 존속한다."
NDA_REF_KR_2025_V1,return_or_destruction-010,제10조 제2항,10,2,"반환·파기. 공개자의 요청 시 수신자는 비밀정보 및 복제물을 지체 없이 반환하거나 영구히 파기하고, 파기 사실을 서면으로 확인한다.",return_or_destruction,NDA,KR-Busan,ko,LexGuard-RefPack-NDA,2025-09-16,internal:lexguard/nda_ref_pack_v1,True,"반환·파기. 공개자의 요청 시 수신자는 비밀정보 및 복제물을 지체 없이 반환하거나 영구히 파기하고, 파기 사실을 서면으로 확인한다."
NDA_REF_KR_2025_V1,residuals-011,제11조 제3항,11,3,"리저듀얼. 수신자의 직원이 비의도적으로 기억하는 일반적 아이디어·개념은 사용 가능하나, 의도적 암기·문자적 재현·역설계는 금지된다.",residuals,NDA,KR-Busan,ko,LexGuard-RefPack-NDA,2025-09-16,internal:lexguard/nda_ref_pack_v1,True,"리저듀얼. 수신자의 직원이 비의도적으로 기억하는 일반적 아이디어·개념은 사용 가능하나, 의도적 암기·문자적 재현·역설계는 금지된다."
NDA_REF_KR_2025_V1,ownership_no_license-012,제12조 제4항,12,4,"소유권·라이선스 부인. 비밀정보에 대한 권리는 공개자에게 귀속되며, 본 계약은 명시적 허락 없는 어떠한 라이선스도 부여하지 않는다.",ownership_no_license,NDA,KR,ko,LexGuard-RefPack-NDA,2025-09-16,internal:lexguard/nda_ref_pack_v1,True,"소유권·라이선스 부인. 비밀정보에 대한 권리는 공개자에게 귀속되며, 본 계약은 명시적 허락 없는 어떠한 라이선스도 부여하지 않는다."
NDA_REF_KR_2025_V1,no_warranty-013,제13조 제1항,13,1,보증 부인. 공개자는 비밀정보의 정확성·완전성·적합성에 대하여 명시적 또는 묵시적 보증을 하지 않는다.,no_warranty,NDA,KR-Busan,ko,LexGuard-RefPack-NDA,2025-09-16,internal:lexguard/nda_ref_pack_v1,True,보증 부인. 공개자는 비밀정보의 정확성·완전성·적합성에 대하여 명시적 또는 묵시적 보증을 하지 않는다.
NDA_REF_KR_2025_V1,injunctive_relief-014,제14조 제2항,14,2,"금지명령. 수신자의 위반은 회복하기 어려운 손해를 초래할 수 있으므로, 공개자는 금전배상 외에 가처분 등 형평법상 구제를 청구할 수 있다.",injunctive_relief,NDA,KR,ko,LexGuard-RefPack-NDA,2025-09-16,internal:lexguard/nda_ref_pack_v1,True,"금지명령. 수신자의 위반은 회복하기 어려운 손해를 초래할 수 있으므로, 공개자는 금전배상 외에 가처분 등 형평법상 구제를 청구할 수 있다."
NDA_REF_KR_2025_V1,governing_law-015,제15조 제3항,15,3,"준거법. 본 계약은 대한민국 법률에 따르며, 법률의 충돌 규정은 적용하지 아니한다.",governing_law,NDA,KR-Busan,ko,LexGuard-RefPack-NDA,2025-09-16,internal:lexguard/nda_ref_pack_v1,True,"준거법. 본 계약은 대한민국 법률에 따르며, 법률의 충돌 규정은 적용하지 아니한다."
NDA_REF_KR_2025_V1,jurisdiction_venue-016,제1조 제4항,1,4,관할. 분쟁은 서울중앙지방법원을 전속적 합의 관할 법원으로 한다.,jurisdiction_venue,NDA,KR-Seoul,ko,LexGuard-RefPack-NDA,2025-09-16,internal:lexguard/nda_ref_pack_v1,True,관할. 분쟁은 서울중앙지방법원을 전속적 합의 관할 법원으로 한다.
NDA_REF_KR_2025_V1,notices-017,제2조 제1항,2,1,"통지. 본 계약에 따른 통지는 서면(전자우편 포함)으로 하며, 영업일 기준 수신 시 효력이 발생한다.",notices,NDA,KR,ko,LexGuard-RefPack-NDA,2025-09-16,internal:lexguard/nda_ref_pack_v1,True,"통지. 본 계약에 따른 통지는 서면(전자우편 포함)으로 하며, 영업일 기준 수신 시 효력이 발생한다."
NDA_REF_KR_2025_V1,assignment-018,제3조 제2항,3,2,양도 금지. 어느 당사자도 상대방의 사전 서면 동의 없이 본 계약상의 권리·의무를 양도할 수 없다.,assignment,NDA,KR-Seoul,ko,LexGuard-RefPack-NDA,2025-09-16,internal:lexguard/nda_ref_pack_v1,True,양도 금지. 어느 당사자도 상대방의 사전 서면 동의 없이 본 계약상의 권리·의무를 양도할 수 없다.
NDA_REF_KR_2025_V1,amendment-019,제4조 제3항,4,3,개정. 본 계약의 변경은 양 당사자의 서명 있는 서면으로만 효력을 가진다.,amendment,NDA,KR,ko,LexGuard-RefPack-NDA,2025-09-16,internal:lexguard/nda_ref_pack_v1,True,개정. 본 계약의 변경은 양 당사자의 서명 있는 서면으로만 효력을 가진다.
NDA_REF_KR_2025_V1,waiver-020,제5조 제4항,5,4,권리불포기. 어느 당사자의 권리 불행사는 그 권리의 포기로 간주되지 아니한다.,waiver,NDA,KR,ko,LexGuard-RefPack-NDA,2025-09-16,internal:lexguard/nda_ref_pack_v1,True,권리불포기. 어느 당사자의 권리 불행사는 그 권리의 포기로 간주되지 아니한다.
NDA_REF_KR_2025_V1,severability-021,제6조 제1항,6,1,"분리가능성. 일부 조항이 무효이거나 집행 불능이더라도, 나머지 조항의 효력에는 영향을 미치지 아니한다.",severability,NDA,KR-Seoul,ko,LexGuard-RefPack-NDA,2025-09-16,internal:lexguard/nda_ref_pack_v1,True,"분리가능성. 일부 조항이 무효이거나 집행 불능이더라도, 나머지 조항의 효력에는 영향을 미치지 아니한다."
NDA_REF_KR_2025_V1,entire_agreement-022,제7조 제2항,7,2,"완전합의. 본 계약은 당사자 간 NDA에 관한 완전한 합의를 구성하며, 선행 합의·교신을 대체한다.",entire_agreement,NDA,KR,ko,LexGuard-RefPack-NDA,2025-09-16,internal:lexguard/nda_ref_pack_v1,True,"완전합의. 본 계약은 당사자 간 NDA에 관한 완전한 합의를 구성하며, 선행 합의·교신을 대체한다."
NDA_REF_KR_2025_V1,counterparts-023,제8조 제3항,8,3,"대응작성. 본 계약은 복수의 원본으로 작성될 수 있으며, 전자 서명은 자필 서명과 동일한 효력을 가진다.",counterparts,NDA,KR-Busan,ko,LexGuard-RefPack-NDA,2025-09-16,internal:lexguard/nda_ref_pack_v1,True,"대응작성. 본 계약은 복수의 원본으로 작성될 수 있으며, 전자 서명은 자필 서명과 동일한 효력을 가진다."
NDA_REF_KR_2025_V1,export_control-024,제9조 제4항,9,4,"수출통제. 당사자들은 관련 수출입 통제 법령을 준수하며, 통제 대상 기술의 국외 이전을 금지한다.",export_control,NDA,KR-Seoul,ko,LexGuard-RefPack-NDA,2025-09-16,internal:lexguard/nda_ref_pack_v1,True,"수출통제. 당사자들은 관련 수출입 통제 법령을 준수하며, 통제 대상 기술의 국외 이전을 금지한다."
NDA_REF_KR_2025_V1,non_solicitation-025,제10조 제1항,10,1,비유인. 각 당사자는 상대방의 임직원을 계약 종료 후 12개월 동안 유인·채용하지 않는다(일반 공고 응모 제외).,non_solicitation,NDA,KR-Busan,ko,LexGuard-RefPack-NDA,2025-09-16,internal:lexguard/nda_ref_pack_v1,True,비유인. 각 당사자는 상대방의 임직원을 계약 종료 후 12개월 동안 유인·채용하지 않는다(일반 공고 응모 제외).
NDA_REF_KR_2025_V1,publicity-026,제11조 제2항,11,2,홍보 제한. 당사자 일방은 상대방의 상호·상표를 사전 서면 동의 없이 광고·보도자료 등에서 사용하지 않는다.,publicity,NDA,KR-Busan,ko,LexGuard-RefPack-NDA,2025-09-16,internal:lexguard/nda_ref_pack_v1,True,홍보 제한. 당사자 일방은 상대방의 상호·상표를 사전 서면 동의 없이 광고·보도자료 등에서 사용하지 않는다.
NDA_REF_KR_2025_V1,data_protection-027,제12조 제3항,12,3,"개인정보보호. 비밀정보에 개인정보가 포함되는 경우 개인정보보호법 등 관련 법령을 준수하고, 최소권한·암호화·접근통제를 시행한다.",data_protection,NDA,KR-Busan,ko,LexGuard-RefPack-NDA,2025-09-16,internal:lexguard/nda_ref_pack_v1,True,"개인정보보호. 비밀정보에 개인정보가 포함되는 경우 개인정보보호법 등 관련 법령을 준수하고, 최소권한·암호화·접근통제를 시행한다."
NDA_REF_KR_2025_V1,audit_rights-028,제13조 제4항,13,4,"감사 권한. 공개자는 합리적인 범위에서 수신자의 비밀정보 관리 실태를 점검할 수 있으며, 수신자는 필요한 협조를 제공한다.",audit_rights,NDA,KR-Busan,ko,LexGuard-RefPack-NDA,2025-09-16,internal:lexguard/nda_ref_pack_v1,True,"감사 권한. 공개자는 합리적인 범위에서 수신자의 비밀정보 관리 실태를 점검할 수 있으며, 수신자는 필요한 협조를 제공한다."
NDA_REF_KR_2025_V1,definitions-029,제14조 제1항,14,1,"정의. 본 계약에서 '목적'은 당사자 간 논의·평가·검증 등을 의미하며, '자료'는 서면·구두·전자적 형식의 일체 정보를 포함한다.",definitions,NDA,KR,ko,LexGuard-RefPack-NDA,2025-09-16,internal:lexguard/nda_ref_pack_v1,True,"정의. 본 계약에서 '목적'은 당사자 간 논의·평가·검증 등을 의미하며, '자료'는 서면·구두·전자적 형식의 일체 정보를 포함한다."
NDA_REF_KR_2025_V1,confidential_information_definition-030,제15조 제2항,15,2,"비밀정보의 정의. '비밀정보'란 공개되지 않은 기술·상업·재무·고객 정보 및 샘플·도면·코드 등 일체의 자료를 의미하며, 표시에 관계없이 그 성질상 비밀로 볼 수 있는 정보를 포함한다.",confidential_information_definition,NDA,KR-Seoul,ko,LexGuard-RefPack-NDA,2025-09-16,internal:lexguard/nda_ref_pack_v1,True,"비밀정보의 정의. '비밀정보'란 공개되지 않은 기술·상업·재무·고객 정보 및 샘플·도면·코드 등 일체의 자료를 의미하며, 표시에 관계없이 그 성질상 비밀로 볼 수 있는 정보를 포함한다."
NDA_REF_KR_2025_V1,purpose-031,제1조 제3항,1,3,목적. 수신자는 비밀정보를 오직 프로젝트 타당성 검토 및 협업 가능성 평가 목적에 한하여 사용한다.,purpose,NDA,KR,ko,LexGuard-RefPack-NDA,2025-09-16,internal:lexguard/nda_ref_pack_v1,True,목적. 수신자는 비밀정보를 오직 프로젝트 타당성 검토 및 협업 가능성 평가 목적에 한하여 사용한다.
NDA_REF_KR_2025_V1,non_disclosure-032,제2조 제4항,2,4,"비밀유지의무. 수신자는 비밀정보를 제3자에게 누설하여서는 아니 되며, 최소한 합리적인 주의의무 이상으로 이를 보호하여야 한다.",non_disclosure,NDA,KR-Seoul,ko,LexGuard-RefPack-NDA,2025-09-16,internal:lexguard/nda_ref_pack_v1,True,"비밀유지의무. 수신자는 비밀정보를 제3자에게 누설하여서는 아니 되며, 최소한 합리적인 주의의무 이상으로 이를 보호하여야 한다."
NDA_REF_KR_2025_V1,non_use-033,제3조 제1항,3,1,비사용의무. 수신자는 비밀정보를 본 계약에서 정한 목적 외의 용도로 사용하지 아니한다.,non_use,NDA,KR-Seoul,ko,LexGuard-RefPack-NDA,2025-09-16,internal:lexguard/nda_ref_pack_v1,True,비사용의무. 수신자는 비밀정보를 본 계약에서 정한 목적 외의 용도로 사용하지 아니한다.
NDA_REF_KR_2025_V1,exclusions-034,제4조 제2항,4,2,"예외. 다음 각 호의 정보는 비밀정보에서 제외된다: (1) 공개 당시 이미 공지된 정보, (2) 수신자의 귀책사유 없이 공지에 이른 정보, (3) 적법하게 제3자로부터 취득한 정보, (4) 비밀정보를 사용하지 않고 독자적으로 개발한 정보.",exclusions,NDA,KR,ko,LexGuard-RefPack-NDA,2025-09-16,internal:lexguard/nda_ref_pack_v1,True,"예외. 다음 각 호의 정보는 비밀정보에서 제외된다: (1) 공개 당시 이미 공지된 정보, (2) 수신자의 귀책사유 없이 공지에 이른 정보, (3) 적법하게 제3자로부터 취득한 정보, (4) 비밀정보를 사용하지 않고 독자적으로 개발한 정보."
NDA_REF_KR_2025_V1,permitted_disclosure-035,제5조 제3항,5,3,"허용되는 공개. 법령 또는 법원·정부기관의 요구에 의하여 공개가 필요한 경우, 가능한 범위에서 사전 서면 통지 후 최소 범위로 공개할 수 있다. 수신자의 임직원·자문사는 필요 최소한으로만 접근할 수 있으며 동일한 수준의 비밀유지의무를 부담한다.",permitted_disclosure,NDA,KR-Seoul,ko,LexGuard-RefPack-NDA,2025-09-16,internal:lexguard/nda_ref_pack_v1,True,"허용되는 공개. 법령 또는 법원·정부기관의 요구에 의하여 공개가 필요한 경우, 가능한 범위에서 사전 서면 통지 후 최소 범위로 공개할 수 있다. 수신자의 임직원·자문사는 필요 최소한으로만 접근할 수 있으며 동일한 수준의 비밀유지의무를 부담한다."
NDA_REF_KR_2025_V1,term-036,제6조 제4항,6,4,기간. 본 계약의 유효기간은 서명일로부터 3년으로 한다. 다만 비밀유지의무는 유효기간 만료 후에도 제20조(존속)에 따라 존속한다.,term,NDA,KR-Busan,ko,LexGuard-RefPack-NDA,2025-09-16,internal:lexguard/nda_ref_pack_v1,True,기간. 본 계약의 유효기간은 서명일로부터 3년으로 한다. 다만 비밀유지의무는 유효기간 만료 후에도 제20조(존속)에 따라 존속한다.
NDA_REF_KR_2025_V1,survival-037,제7조 제1항,7,1,"존속. 비밀유지, 비사용, 권리불포기, 준거법 및 분쟁해결 조항은 계약 종료 후에도 5년간 존속하며, 영업비밀에 해당하는 정보에 대해서는 그 비밀성이 유지되는 동안 존속한다.",survival,NDA,KR-Busan,ko,LexGuard-RefPack-NDA,2025-09-16,internal:lexguard/nda_ref_pack_v1,True,"존속. 비밀유지, 비사용, 권리불포기, 준거법 및 분쟁해결 조항은 계약 종료 후에도 5년간 존속하며, 영업비밀에 해당하는 정보에 대해서는 그 비밀성이 유지되는 동안 존속한다."
NDA_REF_KR_2025_V1,return_or_destruction-038,제8조 제2항,8,2,"반환·파기. 공개자의 요청 시 수신자는 비밀정보 및 복제물을 지체 없이 반환하거나 영구히 파기하고, 파기 사실을 서면으로 확인한다.",return_or_destruction,NDA,KR-Busan,ko,LexGuard-RefPack-NDA,2025-09-16,internal:lexguard/nda_ref_pack_v1,True,"반환·파기. 공개자의 요청 시 수신자는 비밀정보 및 복제물을 지체 없이 반환하거나 영구히 파기하고, 파기 사실을 서면으로 확인한다."
NDA_REF_KR_2025_V1,residuals-039,제9조 제3항,9,3,"리저듀얼. 수신자의 직원이 비의도적으로 기억하는 일반적 아이디어·개념은 사용 가능하나, 의도적 암기·문자적 재현·역설계는 금지된다.",residuals,NDA,KR-Busan,ko,LexGuard-RefPack-NDA,2025-09-16,internal:lexguard/nda_ref_pack_v1,True,"리저듀얼. 수신자의 직원이 비의도적으로 기억하는 일반적 아이디어·개념은 사용 가능하나, 의도적 암기·문자적 재현·역설계는 금지된다."
NDA_REF_KR_2025_V1,ownership_no_license-040,제10조 제4항,10,4,"소유권·라이선스 부인. 비밀정보에 대한 권리는 공개자에게 귀속되며, 본 계약은 명시적 허락 없는 어떠한 라이선스도 부여하지 않는다.",ownership_no_license,NDA,KR,ko,LexGuard-RefPack-NDA,2025-09-16,internal:lexguard/nda_ref_pack_v1,True,"소유권·라이선스 부인. 비밀정보에 대한 권리는 공개자에게 귀속되며, 본 계약은 명시적 허락 없는 어떠한 라이선스도 부여하지 않는다."
NDA_REF_KR_2025_V1,no_warranty-041,제11조 제1항,11,1,보증 부인. 공개자는 비밀정보의 정확성·완전성·적합성에 대하여 명시적 또는 묵시적 보증을 하지 않는다.,no_warranty,NDA,KR-Seoul,ko,LexGuard-RefPack-NDA,2025-09-16,internal:lexguard/nda_ref_pack_v1,True,보증 부인. 공개자는 비밀정보의 정확성·완전성·적합성에 대하여 명시적 또는 묵시적 보증을 하지 않는다.
NDA_REF_KR_2025_V1,injunctive_relief-042,제12조 제2항,12,2,"금지명령. 수신자의 위반은 회복하기 어려운 손해를 초래할 수 있으므로, 공개자는 금전배상 외에 가처분 등 형평법상 구제를 청구할 수 있다.",injunctive_relief,NDA,KR-Busan,ko,LexGuard-RefPack-NDA,2025-09-16,internal:lexguard/nda_ref_pack_v1,True,"금지명령. 수신자의 위반은 회복하기 어려운 손해를 초래할 수 있으므로, 공개자는 금전배상 외에 가처분 등 형평법상 구제를 청구할 수 있다."
NDA_REF_KR_2025_V1,governing_law-043,제13조 제3항,13,3,"준거법. 본 계약은 대한민국 법률에 따르며, 법률의 충돌 규정은 적용하지 아니한다.",governing_law,NDA,KR-Busan,ko,LexGuard-RefPack-NDA,2025-09-16,internal:lexguard/nda_ref_pack_v1,True,"준거법. 본 계약은 대한민국 법률에 따르며, 법률의 충돌 규정은 적용하지 아니한다."
NDA_REF_KR_2025_V1,jurisdiction_venue-044,제14조 제4항,14,4,관할. 분쟁은 서울중앙지방법원을 전속적 합의 관할 법원으로 한다.,jurisdiction_venue,NDA,KR,ko,LexGuard-RefPack-NDA,2025-09-16,internal:lexguard/nda_ref_pack_v1,True,관할. 분쟁은 서울중앙지방법원을 전속적 합의 관할 법원으로 한다.
NDA_REF_KR_2025_V1,notices-045,제15조 제1항,15,1,"통지. 본 계약에 따른 통지는 서면(전자우편 포함)으로 하며, 영업일 기준 수신 시 효력이 발생한다.",notices,NDA,KR,ko,LexGuard-RefPack-NDA,2025-09-16,internal:lexguard/nda_ref_pack_v1,True,"통지. 본 계약에 따른 통지는 서면(전자우편 포함)으로 하며, 영업일 기준 수신 시 효력이 발생한다."
NDA_REF_KR_2025_V1,assignment-046,제1조 제2항,1,2,양도 금지. 어느 당사자도 상대방의 사전 서면 동의 없이 본 계약상의 권리·의무를 양도할 수 없다.,assignment,NDA,KR-Seoul,ko,LexGuard-RefPack-NDA,2025-09-16,internal:lexguard/nda_ref_pack_v1,True,양도 금지. 어느 당사자도 상대방의 사전 서면 동의 없이 본 계약상의 권리·의무를 양도할 수 없다.
NDA_REF_KR_2025_V1,amendment-047,제2조 제3항,2,3,개정. 본 계약의 변경은 양 당사자의 서명 있는 서면으로만 효력을 가진다.,amendment,NDA,KR,ko,LexGuard-RefPack-NDA,2025-09-16,internal:lexguard/nda_ref_pack_v1,True,개정. 본 계약의 변경은 양 당사자의 서명 있는 서면으로만 효력을 가진다.
NDA_REF_KR_2025_V1,waiver-048,제3조 제4항,3,4,권리불포기. 어느 당사자의 권리 불행사는 그 권리의 포기로 간주되지 아니한다.,waiver,NDA,KR-Busan,ko,LexGuard-RefPack-NDA,2025-09-16,internal:lexguard/nda_ref_pack_v1,True,권리불포기. 어느 당사자의 권리 불행사는 그 권리의 포기로 간주되지 아니한다.
NDA_REF_KR_2025_V1,severability-049,제4조 제1항,4,1,"분리가능성. 일부 조항이 무효이거나 집행 불능이더라도, 나머지 조항의 효력에는 영향을 미치지 아니한다.",severability,NDA,KR,ko,LexGuard-RefPack-NDA,2025-09-16,internal:lexguard/nda_ref_pack_v1,True,"분리가능성. 일부 조항이 무효이거나 집행 불능이더라도, 나머지 조항의 효력에는 영향을 미치지 아니한다."
NDA_REF_KR_2025_V1,entire_agreement-050,제5조 제2항,5,2,"완전합의. 본 계약은 당사자 간 NDA에 관한 완전한 합의를 구성하며, 선행 합의·교신을 대체한다.",entire_agreement,NDA,KR-Seoul,ko,LexGuard-RefPack-NDA,2025-09-16,internal:lexguard/nda_ref_pack_v1,True,"완전합의. 본 계약은 당사자 간 NDA에 관한 완전한 합의를 구성하며, 선행 합의·교신을 대체한다."
NDA_REF_KR_2025_V1,counterparts-051,제6조 제3항,6,3,"대응작성. 본 계약은 복수의 원본으로 작성될 수 있으며, 전자 서명은 자필 서명과 동일한 효력을 가진다.",counterparts,NDA,KR,ko,LexGuard-RefPack-NDA,2025-09-16,internal:lexguard/nda_ref_pack_v1,True,"대응작성. 본 계약은 복수의 원본으로 작성될 수 있으며, 전자 서명은 자필 서명과 동일한 효력을 가진다."
NDA_REF_KR_2025_V1,export_control-052,제7조 제4항,7,4,"수출통제. 당사자들은 관련 수출입 통제 법령을 준수하며, 통제 대상 기술의 국외 이전을 금지한다.",export_control,NDA,KR,ko,LexGuard-RefPack-NDA,2025-09-16,internal:lexguard/nda_ref_pack_v1,True,"수출통제. 당사자들은 관련 수출입 통제 법령을 준수하며, 통제 대상 기술의 국외 이전을 금지한다."
NDA_REF_KR_2025_V1,non_solicitation-053,제8조 제1항,8,1,비유인. 각 당사자는 상대방의 임직원을 계약 종료 후 12개월 동안 유인·채용하지 않는다(일반 공고 응모 제외).,non_solicitation,NDA,KR-Busan,ko,LexGuard-RefPack-NDA,2025-09-16,internal:lexguard/nda_ref_pack_v1,True,비유인. 각 당사자는 상대방의 임직원을 계약 종료 후 12개월 동안 유인·채용하지 않는다(일반 공고 응모 제외).
NDA_REF_KR_2025_V1,publicity-054,제9조 제2항,9,2,홍보 제한. 당사자 일방은 상대방의 상호·상표를 사전 서면 동의 없이 광고·보도자료 등에서 사용하지 않는다.,publicity,NDA,KR-Busan,ko,LexGuard-RefPack-NDA,2025-09-16,internal:lexguard/nda_ref_pack_v1,True,홍보 제한. 당사자 일방은 상대방의 상호·상표를 사전 서면 동의 없이 광고·보도자료 등에서 사용하지 않는다.
NDA_REF_KR_2025_V1,data_protection-055,제10조 제3항,10,3,"개인정보보호. 비밀정보에 개인정보가 포함되는 경우 개인정보보호법 등 관련 법령을 준수하고, 최소권한·암호화·접근통제를 시행한다.",data_protection,NDA,KR-Busan,ko,LexGuard-RefPack-NDA,2025-09-16,internal:lexguard/nda_ref_pack_v1,True,"개인정보보호. 비밀정보에 개인정보가 포함되는 경우 개인정보보호법 등 관련 법령을 준수하고, 최소권한·암호화·접근통제를 시행한다."
NDA_REF_KR_2025_V1,audit_rights-056,제11조 제4항,11,4,"감사 권한. 공개자는 합리적인 범위에서 수신자의 비밀정보 관리 실태를 점검할 수 있으며, 수신자는 필요한 협조를 제공한다.",audit_rights,NDA,KR-Seoul,ko,LexGuard-RefPack-NDA,2025-09-16,internal:lexguard/nda_ref_pack_v1,True,"감사 권한. 공개자는 합리적인 범위에서 수신자의 비밀정보 관리 실태를 점검할 수 있으며, 수신자는 필요한 협조를 제공한다."
NDA_REF_KR_2025_V1,definitions-057,제12조 제1항,12,1,"정의. 본 계약에서 '목적'은 당사자 간 논의·평가·검증 등을 의미하며, '자료'는 서면·구두·전자적 형식의 일체 정보를 포함한다.",definitions,NDA,KR,ko,LexGuard-RefPack-NDA,2025-09-16,internal:lexguard/nda_ref_pack_v1,True,"정의. 본 계약에서 '목적'은 당사자 간 논의·평가·검증 등을 의미하며, '자료'는 서면·구두·전자적 형식의 일체 정보를 포함한다."
NDA_REF_KR_2025_V1,confidential_information_definition-058,제13조 제2항,13,2,"비밀정보의 정의. '비밀정보'란 공개되지 않은 기술·상업·재무·고객 정보 및 샘플·도면·코드 등 일체의 자료를 의미하며, 표시에 관계없이 그 성질상 비밀로 볼 수 있는 정보를 포함한다.",confidential_information_definition,NDA,KR,ko,LexGuard-RefPack-NDA,2025-09-16,internal:lexguard/nda_ref_pack_v1,True,"비밀정보의 정의. '비밀정보'란 공개되지 않은 기술·상업·재무·고객 정보 및 샘플·도면·코드 등 일체의 자료를 의미하며, 표시에 관계없이 그 성질상 비밀로 볼 수 있는 정보를 포함한다."
NDA_REF_KR_2025_V1,purpose-059,제14조 제3항,14,3,목적. 수신자는 비밀정보를 오직 프로젝트 타당성 검토 및 협업 가능성 평가 목적에 한하여 사용한다.,purpose,NDA,KR,ko,LexGuard-RefPack-NDA,2025-09-16,internal:lexguard/nda_ref_pack_v1,True,목적. 수신자는 비밀정보를 오직 프로젝트 타당성 검토 및 협업 가능성 평가 목적에 한하여 사용한다.
NDA_REF_KR_2025_V1,non_disclosure-060,제15조 제4항,15,4,"비밀유지의무. 수신자는 비밀정보를 제3자에게 누설하여서는 아니 되며, 최소한 합리적인 주의의무 이상으로 이를 보호하여야 한다.",non_disclosure,NDA,KR-Busan,ko,LexGuard-RefPack-NDA,2025-09-16,internal:lexguard/nda_ref_pack_v1,True,"비밀유지의무. 수신자는 비밀정보를 제3자에게 누설하여서는 아니 되며, 최소한 합리적인 주의의무 이상으로 이를 보호하여야 한다."
NDA_REF_KR_2025_V1,non_use-061,제1조 제1항,1,1,비사용의무. 수신자는 비밀정보를 본 계약에서 정한 목적 외의 용도로 사용하지 아니한다.,non_use,NDA,KR-Busan,ko,LexGuard-RefPack-NDA,2025-09-16,internal:lexguard/nda_ref_pack_v1,True,비사용의무. 수신자는 비밀정보를 본 계약에서 정한 목적 외의 용도로 사용하지 아니한다.
NDA_REF_KR_2025_V1,exclusions-062,제2조 제2항,2,2,"예외. 다음 각 호의 정보는 비밀정보에서 제외된다: (1) 공개 당시 이미 공지된 정보, (2) 수신자의 귀책사유 없이 공지에 이른 정보, (3) 적법하게 제3자로부터 취득한 정보, (4) 비밀정보를 사용하지 않고 독자적으로 개발한 정보.",exclusions,NDA,KR-Busan,ko,LexGuard-RefPack-NDA,2025-09-16,internal:lexguard/nda_ref_pack_v1,True,"예외. 다음 각 호의 정보는 비밀정보에서 제외된다: (1) 공개 당시 이미 공지된 정보, (2) 수신자의 귀책사유 없이 공지에 이른 정보, (3) 적법하게 제3자로부터 취득한 정보, (4) 비밀정보를 사용하지 않고 독자적으로 개발한 정보."
NDA_REF_KR_2025_V1,permitted_disclosure-063,제3조 제3항,3,3,"허용되는 공개. 법령 또는 법원·정부기관의 요구에 의하여 공개가 필요한 경우, 가능한 범위에서 사전 서면 통지 후 최소 범위로 공개할 수 있다. 수신자의 임직원·자문사는 필요 최소한으로만 접근할 수 있으며 동일한 수준의 비밀유지의무를 부담한다.",permitted_disclosure,NDA,KR-Seoul,ko,LexGuard-RefPack-NDA,2025-09-16,internal:lexguard/nda_ref_pack_v1,True,"허용되는 공개. 법령 또는 법원·정부기관의 요구에 의하여 공개가 필요한 경우, 가능한 범위에서 사전 서면 통지 후 최소 범위로 공개할 수 있다. 수신자의 임직원·자문사는 필요 최소한으로만 접근할 수 있으며 동일한 수준의 비밀유지의무를 부담한다."
NDA_REF_KR_2025_V1,term-064,제4조 제4항,4,4,기간. 본 계약의 유효기간은 서명일로부터 3년으로 한다. 다만 비밀유지의무는 유효기간 만료 후에도 제20조(존속)에 따라 존속한다.,term,NDA,KR-Busan,ko,LexGuard-RefPack-NDA,2025-09-16,internal:lexguard/nda_ref_pack_v1,True,기간. 본 계약의 유효기간은 서명일로부터 3년으로 한다. 다만 비밀유지의무는 유효기간 만료 후에도 제20조(존속)에 따라 존속한다.
NDA_REF_KR_2025_V1,survival-065,제5조 제1항,5,1,"존속. 비밀유지, 비사용, 권리불포기, 준거법 및 분쟁해결 조항은 계약 종료 후에도 5년간 존속하며, 영업비밀에 해당하는 정보에 대해서는 그 비밀성이 유지되는 동안 존속한다.",survival,NDA,KR-Busan,ko,LexGuard-RefPack-NDA,2025-09-16,internal:lexguard/nda_ref_pack_v1,True,"존속. 비밀유지, 비사용, 권리불포기, 준거법 및 분쟁해결 조항은 계약 종료 후에도 5년간 존속하며, 영업비밀에 해당하는 정보에 대해서는 그 비밀성이 유지되는 동안 존속한다."
NDA_REF_KR_2025_V1,return_or_destruction-066,제6조 제2항,6,2,"반환·파기. 공개자의 요청 시 수신자는 비밀정보 및 복제물을 지체 없이 반환하거나 영구히 파기하고, 파기 사실을 서면으로 확인한다.",return_or_destruction,NDA,KR-Busan,ko,LexGuard-RefPack-NDA,2025-09-16,internal:lexguard/nda_ref_pack_v1,True,"반환·파기. 공개자의 요청 시 수신자는 비밀정보 및 복제물을 지체 없이 반환하거나 영구히 파기하고, 파기 사실을 서면으로 확인한다."
NDA_REF_KR_2025_V1,residuals-067,제7조 제3항,7,3,"리저듀얼. 수신자의 직원이 비의도적으로 기억하는 일반적 아이디어·개념은 사용 가능하나, 의도적 암기·문자적 재현·역설계는 금지된다.",residuals,NDA,KR-Busan,ko,LexGuard-RefPack-NDA,2025-09-16,internal:lexguard/nda_ref_pack_v1,True,"리저듀얼. 수신자의 직원이 비의도적으로 기억하는 일반적 아이디어·개념은 사용 가능하나, 의도적 암기·문자적 재현·역설계는 금지된다."
NDA_REF_KR_2025_V1,ownership_no_license-068,제8조 제4항,8,4,"소유권·라이선스 부인. 비밀정보에 대한 권리는 공개자에게 귀속되며, 본 계약은 명시적 허락 없는 어떠한 라이선스도 부여하지 않는다.",ownership_no_license,NDA,KR-Busan,ko,LexGuard-RefPack-NDA,2025-09-16,internal:lexguard/nda_ref_pack_v1,True,"소유권·라이선스 부인. 비밀정보에 대한 권리는 공개자에게 귀속되며, 본 계약은 명시적 허락 없는 어떠한 라이선스도 부여하지 않는다."
NDA_REF_KR_2025_V1,no_warranty-069,제9조 제1항,9,1,보증 부인. 공개자는 비밀정보의 정확성·완전성·적합성에 대하여 명시적 또는 묵시적 보증을 하지 않는다.,no_warranty,NDA,KR-Busan,ko,LexGuard-RefPack-NDA,2025-09-16,internal:lexguard/nda_ref_pack_v1,True,보증 부인. 공개자는 비밀정보의 정확성·완전성·적합성에 대하여 명시적 또는 묵시적 보증을 하지 않는다.
NDA_REF_KR_2025_V1,injunctive_relief-070,제10조 제2항,10,2,"금지명령. 수신자의 위반은 회복하기 어려운 손해를 초래할 수 있으므로, 공개자는 금전배상 외에 가처분 등 형평법상 구제를 청구할 수 있다.",injunctive_relief,NDA,KR,ko,LexGuard-RefPack-NDA,2025-09-16,internal:lexguard/nda_ref_pack_v1,True,"금지명령. 수신자의 위반은 회복하기 어려운 손해를 초래할 수 있으므로, 공개자는 금전배상 외에 가처분 등 형평법상 구제를 청구할 수 있다."
NDA_REF_KR_2025_V1,governing_law-071,제11조 제3항,11,3,"준거법. 본 계약은 대한민국 법률에 따르며, 법률의 충돌 규정은 적용하지 아니한다.",governing_law,NDA,KR-Seoul,ko,LexGuard-RefPack-NDA,2025-09-16,internal:lexguard/nda_ref_pack_v1,True,"준거법. 본 계약은 대한민국 법률에 따르며, 법률의 충돌 규정은 적용하지 아니한다."
NDA_REF_KR_2025_V1,jurisdiction_venue-072,제12조 제4항,12,4,관할. 분쟁은 서울중앙지방법원을 전속적 합의 관할 법원으로 한다.,jurisdiction_venue,NDA,KR-Seoul,ko,LexGuard-RefPack-NDA,2025-09-16,internal:lexguard/nda_ref_pack_v1,True,관할. 분쟁은 서울중앙지방법원을 전속적 합의 관할 법원으로 한다.
NDA_REF_KR_2025_V1,notices-073,제13조 제1항,13,1,"통지. 본 계약에 따른 통지는 서면(전자우편 포함)으로 하며, 영업일 기준 수신 시 효력이 발생한다.",notices,NDA,KR-Busan,ko,LexGuard-RefPack-NDA,2025-09-16,internal:lexguard/nda_ref_pack_v1,True,"통지. 본 계약에 따른 통지는 서면(전자우편 포함)으로 하며, 영업일 기준 수신 시 효력이 발생한다."
NDA_REF_KR_2025_V1,assignment-074,제14조 제2항,14,2,양도 금지. 어느 당사자도 상대방의 사전 서면 동의 없이 본 계약상의 권리·의무를 양도할 수 없다.,assignment,NDA,KR-Busan,ko,LexGuard-RefPack-NDA,2025-09-16,internal:lexguard/nda_ref_pack_v1,True,양도 금지. 어느 당사자도 상대방의 사전 서면 동의 없이 본 계약상의 권리·의무를 양도할 수 없다.
NDA_REF_KR_2025_V1,amendment-075,제15조 제3항,15,3,개정. 본 계약의 변경은 양 당사자의 서명 있는 서면으로만 효력을 가진다.,amendment,NDA,KR-Busan,ko,LexGuard-RefPack-NDA,2025-09-16,internal:lexguard/nda_ref_pack_v1,True,개정. 본 계약의 변경은 양 당사자의 서명 있는 서면으로만 효력을 가진다.
NDA_REF_KR_2025_V1,waiver-076,제1조 제4항,1,4,권리불포기. 어느 당사자의 권리 불행사는 그 권리의 포기로 간주되지 아니한다.,waiver,NDA,KR-Busan,ko,LexGuard-RefPack-NDA,2025-09-16,internal:lexguard/nda_ref_pack_v1,True,권리불포기. 어느 당사자의 권리 불행사는 그 권리의 포기로 간주되지 아니한다.
NDA_REF_KR_2025_V1,severability-077,제2조 제1항,2,1,"분리가능성. 일부 조항이 무효이거나 집행 불능이더라도, 나머지 조항의 효력에는 영향을 미치지 아니한다.",severability,NDA,KR-Busan,ko,LexGuard-RefPack-NDA,2025-09-16,internal:lexguard/nda_ref_pack_v1,True,"분리가능성. 일부 조항이 무효이거나 집행 불능이더라도, 나머지 조항의 효력에는 영향을 미치지 아니한다."
NDA_REF_KR_2025_V1,entire_agreement-078,제3조 제2항,3,2,"완전합의. 본 계약은 당사자 간 NDA에 관한 완전한 합의를 구성하며, 선행 합의·교신을 대체한다.",entire_agreement,NDA,KR,ko,LexGuard-RefPack-NDA,2025-09-16,internal:lexguard/nda_ref_pack_v1,True,"완전합의. 본 계약은 당사자 간 NDA에 관한 완전한 합의를 구성하며, 선행 합의·교신을 대체한다."
NDA_REF_KR_2025_V1,counterparts-079,제4조 제3항,4,3,"대응작성. 본 계약은 복수의 원본으로 작성될 수 있으며, 전자 서명은 자필 서명과 동일한 효력을 가진다.",counterparts,NDA,KR,ko,LexGuard-RefPack-NDA,2025-09-16,internal:lexguard/nda_ref_pack_v1,True,"대응작성. 본 계약은 복수의 원본으로 작성될 수 있으며, 전자 서명은 자필 서명과 동일한 효력을 가진다."
NDA_REF_KR_2025_V1,export_control-080,제5조 제4항,5,4,"수출통제. 당사자들은 관련 수출입 통제 법령을 준수하며, 통제 대상 기술의 국외 이전을 금지한다.",export_control,NDA,KR-Busan,ko,LexGuard-RefPack-NDA,2025-09-16,internal:lexguard/nda_ref_pack_v1,True,"수출통제. 당사자들은 관련 수출입 통제 법령을 준수하며, 통제 대상 기술의 국외 이전을 금지한다."
NDA_REF_KR_2025_V1,non_solicitation-081,제6조 제1항,6,1,비유인. 각 당사자는 상대방의 임직원을 계약 종료 후 12개월 동안 유인·채용하지 않는다(일반 공고 응모 제외).,non_solicitation,NDA,KR-Seoul,ko,LexGuard-RefPack-NDA,2025-09-16,internal:lexguard/nda_ref_pack_v1,True,비유인. 각 당사자는 상대방의 임직원을 계약 종료 후 12개월 동안 유인·채용하지 않는다(일반 공고 응모 제외).
NDA_REF_KR_2025_V1,publicity-082,제7조 제2항,7,2,홍보 제한. 당사자 일방은 상대방의 상호·상표를 사전 서면 동의 없이 광고·보도자료 등에서 사용하지 않는다.,publicity,NDA,KR,ko,LexGuard-RefPack-NDA,2025-09-16,internal:lexguard/nda_ref_pack_v1,True,홍보 제한. 당사자 일방은 상대방의 상호·상표를 사전 서면 동의 없이 광고·보도자료 등에서 사용하지 않는다.
NDA_REF_KR_2025_V1,data_protection-083,제8조 제3항,8,3,"개인정보보호. 비밀정보에 개인정보가 포함되는 경우 개인정보보호법 등 관련 법령을 준수하고, 최소권한·암호화·접근통제를 시행한다.",data_protection,NDA,KR-Seoul,ko,LexGuard-RefPack-NDA,2025-09-16,internal:lexguard/nda_ref_pack_v1,True,"개인정보보호. 비밀정보에 개인정보가 포함되는 경우 개인정보보호법 등 관련 법령을 준수하고, 최소권한·암호화·접근통제를 시행한다."
NDA_REF_KR_2025_V1,audit_rights-084,제9조 제4항,9,4,"감사 권한. 공개자는 합리적인 범위에서 수신자의 비밀정보 관리 실태를 점검할 수 있으며, 수신자는 필요한 협조를 제공한다.",audit_rights,NDA,KR,ko,LexGuard-RefPack-NDA,2025-09-16,internal:lexguard/nda_ref_pack_v1,True,"감사 권한. 공개자는 합리적인 범위에서 수신자의 비밀정보 관리 실태를 점검할 수 있으며, 수신자는 필요한 협조를 제공한다."
NDA_REF_KR_2025_V1,definitions-085,제10조 제1항,10,1,"정의. 본 계약에서 '목적'은 당사자 간 논의·평가·검증 등을 의미하며, '자료'는 서면·구두·전자적 형식의 일체 정보를 포함한다.",definitions,NDA,KR-Busan,ko,LexGuard-RefPack-NDA,2025-09-16,internal:lexguard/nda_ref_pack_v1,True,"정의. 본 계약에서 '목적'은 당사자 간 논의·평가·검증 등을 의미하며, '자료'는 서면·구두·전자적 형식의 일체 정보를 포함한다."
NDA_REF_KR_2025_V1,confidential_information_definition-086,제11조 제2항,11,2,"비밀정보의 정의. '비밀정보'란 공개되지 않은 기술·상업·재무·고객 정보 및 샘플·도면·코드 등 일체의 자료를 의미하며, 표시에 관계없이 그 성질상 비밀로 볼 수 있는 정보를 포함한다.",confidential_information_definition,NDA,KR,ko,LexGuard-RefPack-NDA,2025-09-16,internal:lexguard/nda_ref_pack_v1,True,"비밀정보의 정의. '비밀정보'란 공개되지 않은 기술·상업·재무·고객 정보 및 샘플·도면·코드 등 일체의 자료를 의미하며, 표시에 관계없이 그 성질상 비밀로 볼 수 있는 정보를 포함한다."
NDA_REF_KR_2025_V1,purpose-087,제12조 제3항,12,3,목적. 수신자는 비밀정보를 오직 프로젝트 타당성 검토 및 협업 가능성 평가 목적에 한하여 사용한다.,purpose,NDA,KR,ko,LexGuard-RefPack-NDA,2025-09-16,internal:lexguard/nda_ref_pack_v1,True,목적. 수신자는 비밀정보를 오직 프로젝트 타당성 검토 및 협업 가능성 평가 목적에 한하여 사용한다.
NDA_REF_KR_2025_V1,non_disclosure-088,제13조 제4항,13,4,"비밀유지의무. 수신자는 비밀정보를 제3자에게 누설하여서는 아니 되며, 최소한 합리적인 주의의무 이상으로 이를 보호하여야 한다.",non_disclosure,NDA,KR,ko,LexGuard-RefPack-NDA,2025-09-16,internal:lexguard/nda_ref_pack_v1,True,"비밀유지의무. 수신자는 비밀정보를 제3자에게 누설하여서는 아니 되며, 최소한 합리적인 주의의무 이상으로 이를 보호하여야 한다."
NDA_REF_KR_2025_V1,non_use-089,제14조 제1항,14,1,비사용의무. 수신자는 비밀정보를 본 계약에서 정한 목적 외의 용도로 사용하지 아니한다.,non_use,NDA,KR-Busan,ko,LexGuard-RefPack-NDA,2025-09-16,internal:lexguard/nda_ref_pack_v1,True,비사용의무. 수신자는 비밀정보를 본 계약에서 정한 목적 외의 용도로 사용하지 아니한다.
NDA_REF_KR_2025_V1,exclusions-090,제15조 제2항,15,2,"예외. 다음 각 호의 정보는 비밀정보에서 제외된다: (1) 공개 당시 이미 공지된 정보, (2) 수신자의 귀책사유 없이 공지에 이른 정보, (3) 적법하게 제3자로부터 취득한 정보, (4) 비밀정보를 사용하지 않고 독자적으로 개발한 정보.",exclusions,NDA,KR-Seoul,ko,LexGuard-RefPack-NDA,2025-09-16,internal:lexguard/nda_ref_pack_v1,True,"예외. 다음 각 호의 정보는 비밀정보에서 제외된다: (1) 공개 당시 이미 공지된 정보, (2) 수신자의 귀책사유 없이 공지에 이른 정보, (3) 적법하게 제3자로부터 취득한 정보, (4) 비밀정보를 사용하지 않고 독자적으로 개발한 정보."
NDA_REF_KR_2025_V1,permitted_disclosure-091,제1조 제3항,1,3,"허용되는 공개. 법령 또는 법원·정부기관의 요구에 의하여 공개가 필요한 경우, 가능한 범위에서 사전 서면 통지 후 최소 범위로 공개할 수 있다. 수신자의 임직원·자문사는 필요 최소한으로만 접근할 수 있으며 동일한 수준의 비밀유지의무를 부담한다.",permitted_disclosure,NDA,KR,ko,LexGuard-RefPack-NDA,2025-09-16,internal:lexguard/nda_ref_pack_v1,True,"허용되는 공개. 법령 또는 법원·정부기관의 요구에 의하여 공개가 필요한 경우, 가능한 범위에서 사전 서면 통지 후 최소 범위로 공개할 수 있다. 수신자의 임직원·자문사는 필요 최소한으로만 접근할 수 있으며 동일한 수준의 비밀유지의무를 부담한다."
NDA_REF_KR_2025_V1,term-092,제2조 제4항,2,4,기간. 본 계약의 유효기간은 서명일로부터 3년으로 한다. 다만 비밀유지의무는 유효기간 만료 후에도 제20조(존속)에 따라 존속한다.,term,NDA,KR-Busan,ko,LexGuard-RefPack-NDA,2025-09-16,internal:lexguard/nda_ref_pack_v1,True,기간. 본 계약의 유효기간은 서명일로부터 3년으로 한다. 다만 비밀유지의무는 유효기간 만료 후에도 제20조(존속)에 따라 존속한다.
NDA_REF_KR_2025_V1,survival-093,제3조 제1항,3,1,"존속. 비밀유지, 비사용, 권리불포기, 준거법 및 분쟁해결 조항은 계약 종료 후에도 5년간 존속하며, 영업비밀에 해당하는 정보에 대해서는 그 비밀성이 유지되는 동안 존속한다.",survival,NDA,KR-Seoul,ko,LexGuard-RefPack-NDA,2025-09-16,internal:lexguard/nda_ref_pack_v1,True,"존속. 비밀유지, 비사용, 권리불포기, 준거법 및 분쟁해결 조항은 계약 종료 후에도 5년간 존속하며, 영업비밀에 해당하는 정보에 대해서는 그 비밀성이 유지되는 동안 존속한다."
NDA_REF_KR_2025_V1,return_or_destruction-094,제4조 제2항,4,2,"반환·파기. 공개자의 요청 시 수신자는 비밀정보 및 복제물을 지체 없이 반환하거나 영구히 파기하고, 파기 사실을 서면으로 확인한다.",return_or_destruction,NDA,KR-Seoul,ko,LexGuard-RefPack-NDA,2025-09-16,internal:lexguard/nda_ref_pack_v1,True,"반환·파기. 공개자의 요청 시 수신자는 비밀정보 및 복제물을 지체 없이 반환하거나 영구히 파기하고, 파기 사실을 서면으로 확인한다."
NDA_REF_KR_2025_V1,residuals-095,제5조 제3항,5,3,"리저듀얼. 수신자의 직원이 비의도적으로 기억하는 일반적 아이디어·개념은 사용 가능하나, 의도적 암기·문자적 재현·역설계는 금지된다.",residuals,NDA,KR,ko,LexGuard-RefPack-NDA,2025-09-16,internal:lexguard/nda_ref_pack_v1,True,"리저듀얼. 수신자의 직원이 비의도적으로 기억하는 일반적 아이디어·개념은 사용 가능하나, 의도적 암기·문자적 재현·역설계는 금지된다."
NDA_REF_KR_2025_V1,ownership_no_license-096,제6조 제4항,6,4,"소유권·라이선스 부인. 비밀정보에 대한 권리는 공개자에게 귀속되며, 본 계약은 명시적 허락 없는 어떠한 라이선스도 부여하지 않는다.",ownership_no_license,NDA,KR,ko,LexGuard-RefPack-NDA,2025-09-16,internal:lexguard/nda_ref_pack_v1,True,"소유권·라이선스 부인. 비밀정보에 대한 권리는 공개자에게 귀속되며, 본 계약은 명시적 허락 없는 어떠한 라이선스도 부여하지 않는다."
NDA_REF_KR_2025_V1,no_warranty-097,제7조 제1항,7,1,보증 부인. 공개자는 비밀정보의 정확성·완전성·적합성에 대하여 명시적 또는 묵시적 보증을 하지 않는다.,no_warranty,NDA,KR-Seoul,ko,LexGuard-RefPack-NDA,2025-09-16,internal:lexguard/nda_ref_pack_v1,True,보증 부인. 공개자는 비밀정보의 정확성·완전성·적합성에 대하여 명시적 또는 묵시적 보증을 하지 않는다.
NDA_REF_KR_2025_V1,injunctive_relief-098,제8조 제2항,8,2,"금지명령. 수신자의 위반은 회복하기 어려운 손해를 초래할 수 있으므로, 공개자는 금전배상 외에 가처분 등 형평법상 구제를 청구할 수 있다.",injunctive_relief,NDA,KR-Busan,ko,LexGuard-RefPack-NDA,2025-09-16,internal:lexguard/nda_ref_pack_v1,True,"금지명령. 수신자의 위반은 회복하기 어려운 손해를 초래할 수 있으므로, 공개자는 금전배상 외에 가처분 등 형평법상 구제를 청구할 수 있다."
NDA_REF_KR_2025_V1,governing_law-099,제9조 제3항,9,3,"준거법. 본 계약은 대한민국 법률에 따르며, 법률의 충돌 규정은 적용하지 아니한다.",governing_law,NDA,KR-Busan,ko,LexGuard-RefPack-NDA,2025-09-16,internal:lexguard/nda_ref_pack_v1,True,"준거법. 본 계약은 대한민국 법률에 따르며, 법률의 충돌 규정은 적용하지 아니한다."
NDA_REF_KR_2025_V1,jurisdiction_venue-100,제10조 제4항,10,4,관할. 분쟁은 서울중앙지방법원을 전속적 합의 관할 법원으로 한다.,jurisdiction_venue,NDA,KR,ko,LexGuard-RefPack-NDA,2025-09-16,internal:lexguard/nda_ref_pack_v1,True,관할. 분쟁은 서울중앙지방법원을 전속적 합의 관할 법원으로 한다.
NDA_REF_INTL_2025_V1,notices-101,Section 11(1),11,1,Notices. All notices must be in writing (including email) and are deemed received on business‑day delivery.,notices,NDA,JP,en,LexGuard-RefPack-NDA,2025-09-16,internal:lexguard/nda_ref_pack_v1,True,Notices. All notices must be in writing (including email) and are deemed received on business‑day delivery.
NDA_REF_INTL_2025_V1,assignment-102,Section 12(2),12,2,"Assignment. Neither party may assign this Agreement without prior written consent, except to a successor in connection with a merger or sale of substantially all assets.",assignment,NDA,US-NY,en,LexGuard-RefPack-NDA,2025-09-16,internal:lexguard/nda_ref_pack_v1,True,"Assignment. Neither party may assign this Agreement without prior written consent, except to a successor in connection with a merger or sale of substantially all assets."
NDA_REF_INTL_2025_V1,amendment-103,Section 13(3),13,3,Amendment. Any modification must be in a writing signed by both parties.,amendment,NDA,US-CA,en,LexGuard-RefPack-NDA,2025-09-16,internal:lexguard/nda_ref_pack_v1,True,Amendment. Any modification must be in a writing signed by both parties.
NDA_REF_INTL_2025_V1,waiver-104,Section 14(4),14,4,Waiver. Failure to enforce a right is not a waiver of future enforcement of that or any other right.,waiver,NDA,US-CA,en,LexGuard-RefPack-NDA,2025-09-16,internal:lexguard/nda_ref_pack_v1,True,Waiver. Failure to enforce a right is not a waiver of future enforcement of that or any other right.
NDA_REF_INTL_2025_V1,severability-105,Section 15(1),15,1,"Severability. If any provision is held unenforceable, the remainder will remain in effect.",severability,NDA,EU,en,LexGuard-RefPack-NDA,2025-09-16,internal:lexguard/nda_ref_pack_v1,True,"Severability. If any provision is held unenforceable, the remainder will remain in effect."
NDA_REF_INTL_2025_V1,entire_agreement-106,Section 1(2),1,2,Entire Agreement. This Agreement constitutes the entire agreement regarding its subject matter and supersedes prior understandings.,entire_agreement,NDA,US-NY,en,LexGuard-RefPack-NDA,2025-09-16,internal:lexguard/nda_ref_pack_v1,True,Entire Agreement. This Agreement constitutes the entire agreement regarding its subject matter and supersedes prior understandings.
NDA_REF_INTL_2025_V1,counterparts-107,Section 2(3),2,3,Counterparts. This Agreement may be executed in counterparts and by electronic signatures.,counterparts,NDA,JP,en,LexGuard-RefPack-NDA,2025-09-16,internal:lexguard/nda_ref_pack_v1,True,Counterparts. This Agreement may be executed in counterparts and by electronic signatures.
NDA_REF_INTL_2025_V1,export_control-108,Section 3(4),3,4,Export Control. Each party will comply with applicable export laws and will not export or re‑export controlled items.,export_control,NDA,US-NY,en,LexGuard-RefPack-NDA,2025-09-16,internal:lexguard/nda_ref_pack_v1,True,Export Control. Each party will comply with applicable export laws and will not export or re‑export controlled items.
NDA_REF_INTL_2025_V1,non_solicitation-109,Section 4(1),4,1,"Non‑Solicitation. During the term and for twelve (12) months thereafter, neither party will solicit the other party's employees (general solicitations excluded).",non_solicitation,NDA,UK,en,LexGuard-RefPack-NDA,2025-09-16,internal:lexguard/nda_ref_pack_v1,True,"Non‑Solicitation. During the term and for twelve (12) months thereafter, neither party will solicit the other party's employees (general solicitations excluded)."
NDA_REF_INTL_2025_V1,publicity-110,Section 5(2),5,2,Publicity. Neither party may use the other's name or marks in publicity without prior written consent.,publicity,NDA,US-CA,en,LexGuard-RefPack-NDA,2025-09-16,internal:lexguard/nda_ref_pack_v1,True,Publicity. Neither party may use the other's name or marks in publicity without prior written consent.
NDA_REF_INTL_2025_V1,data_protection-111,Section 6(3),6,3,"Data Protection. If personal data is processed, the parties will implement appropriate safeguards and comply with applicable privacy laws (including GDPR, where applicable).",data_protection,NDA,JP,en,LexGuard-RefPack-NDA,2025-09-16,internal:lexguard/nda_ref_pack_v1,True,"Data Protection. If personal data is processed, the parties will implement appropriate safeguards and comply with applicable privacy laws (including GDPR, where applicable)."
NDA_REF_INTL_2025_V1,audit_rights-112,Section 7(4),7,4,"Audit Rights. Disclosing Party may, on reasonable notice, verify Recipient's compliance with this Agreement.",audit_rights,NDA,EU,en,LexGuard-RefPack-NDA,2025-09-16,internal:lexguard/nda_ref_pack_v1,True,"Audit Rights. Disclosing Party may, on reasonable notice, verify Recipient's compliance with this Agreement."
NDA_REF_INTL_2025_V1,definitions-113,Section 8(1),8,1,"Definitions. 'Purpose' means evaluation of a potential business relationship. 'Materials' include all written, oral, and electronic information.",definitions,NDA,UK,en,LexGuard-RefPack-NDA,2025-09-16,internal:lexguard/nda_ref_pack_v1,True,"Definitions. 'Purpose' means evaluation of a potential business relationship. 'Materials' include all written, oral, and electronic information."
NDA_REF_INTL_2025_V1,confidential_information_definition-114,Section 9(2),9,2,"Definition of Confidential Information. 'Confidential Information' means all non‑public technical, commercial, financial, and customer information, including samples, drawings, and code, and any information that, by its nature, should reasonably be considered confidential.",confidential_information_definition,NDA,JP,en,LexGuard-RefPack-NDA,2025-09-16,internal:lexguard/nda_ref_pack_v1,True,"Definition of Confidential Information. 'Confidential Information' means all non‑public technical, commercial, financial, and customer information, including samples, drawings, and code, and any information that, by its nature, should reasonably be considered confidential."
NDA_REF_INTL_2025_V1,purpose-115,Section 10(3),10,3,Purpose. Recipient shall use the Confidential Information solely to evaluate the Purpose and for no other reason.,purpose,NDA,JP,en,LexGuard-RefPack-NDA,2025-09-16,internal:lexguard/nda_ref_pack_v1,True,Purpose. Recipient shall use the Confidential Information solely to evaluate the Purpose and for no other reason.
NDA_REF_INTL_2025_V1,non_disclosure-116,Section 11(4),11,4,Non‑Disclosure. Recipient shall not disclose Confidential Information to any third party and shall protect it with at least reasonable care.,non_disclosure,NDA,US-CA,en,LexGuard-RefPack-NDA,2025-09-16,internal:lexguard/nda_ref_pack_v1,True,Non‑Disclosure. Recipient shall not disclose Confidential Information to any third party and shall protect it with at least reasonable care.
NDA_REF_INTL_2025_V1,non_use-117,Section 12(1),12,1,Non‑Use. Recipient shall not use Confidential Information for any purpose other than the Purpose.,non_use,NDA,JP,en,LexGuard-RefPack-NDA,2025-09-16,internal:lexguard/nda_ref_pack_v1,True,Non‑Use. Recipient shall not use Confidential Information for any purpose other than the Purpose.
NDA_REF_INTL_2025_V1,exclusions-118,Section 13(2),13,2,Exclusions. Confidential Information does not include information that (i) was public when disclosed; (ii) becomes public through no fault of Recipient; (iii) is rightfully obtained from a third party; (iv) is independently developed without use of the Confidential Information.,exclusions,NDA,US-CA,en,LexGuard-RefPack-NDA,2025-09-16,internal:lexguard/nda_ref_pack_v1,True,Exclusions. Confidential Information does not include information that (i) was public when disclosed; (ii) becomes public through no fault of Recipient; (iii) is rightfully obtained from a third party; (iv) is independently developed without use of the Confidential Information.
NDA_REF_INTL_2025_V1,permitted_disclosure-119,Section 14(3),14,3,"Permitted Disclosure. Recipient may disclose as required by law or court order, provided it gives prior notice where lawful and discloses only what is legally necessary. Employees and advisors may access on a need‑to‑know basis under equivalent obligations.",permitted_disclosure,NDA,US-NY,en,LexGuard-RefPack-NDA,2025-09-16,internal:lexguard/nda_ref_pack_v1,True,"Permitted Disclosure. Recipient may disclose as required by law or court order, provided it gives prior notice where lawful and discloses only what is legally necessary. Employees and advisors may access on a need‑to‑know basis under equivalent obligations."
NDA_REF_INTL_2025_V1,term-120,Section 15(4),15,4,Term. This Agreement remains in effect for three (3) years from the Effective Date.,term,NDA,SG,en,LexGuard-RefPack-NDA,2025-09-16,internal:lexguard/nda_ref_pack_v1,True,Term. This Agreement remains in effect for three (3) years from the Effective Date.
NDA_REF_INTL_2025_V1,survival-121,Section 1(1),1,1,"Survival. Obligations regarding confidentiality, non‑use, remedies, and governing law survive for five (5) years; trade secrets survive for so long as they remain trade secrets.",survival,NDA,US-NY,en,LexGuard-RefPack-NDA,2025-09-16,internal:lexguard/nda_ref_pack_v1,True,"Survival. Obligations regarding confidentiality, non‑use, remedies, and governing law survive for five (5) years; trade secrets survive for so long as they remain trade secrets."
NDA_REF_INTL_2025_V1,return_or_destruction-122,Section 2(2),2,2,"Return/Destruction. Upon request, Recipient shall promptly return or irreversibly destroy all Confidential Information and certify such destruction in writing.",return_or_destruction,NDA,US-NY,en,LexGuard-RefPack-NDA,2025-09-16,internal:lexguard/nda_ref_pack_v1,True,"Return/Destruction. Upon request, Recipient shall promptly return or irreversibly destroy all Confidential Information and certify such destruction in writing."
NDA_REF_INTL_2025_V1,residuals-123,Section 3(3),3,3,"Residuals. Recipient may use information retained in unaided memory in the form of general ideas or concepts; intentional memorization, verbatim use, and reverse engineering are prohibited.",residuals,NDA,UK,en,LexGuard-RefPack-NDA,2025-09-16,internal:lexguard/nda_ref_pack_v1,True,"Residuals. Recipient may use information retained in unaided memory in the form of general ideas or concepts; intentional memorization, verbatim use, and reverse engineering are prohibited."
NDA_REF_INTL_2025_V1,ownership_no_license-124,Section 4(4),4,4,"Ownership; No License. Disclosing Party retains all rights, and no license is granted by implication or otherwise.",ownership_no_license,NDA,US-CA,en,LexGuard-RefPack-NDA,2025-09-16,internal:lexguard/nda_ref_pack_v1,True,"Ownership; No License. Disclosing Party retains all rights, and no license is granted by implication or otherwise."
NDA_REF_INTL_2025_V1,no_warranty-125,Section 5(1),5,1,No Warranty. Confidential Information is provided 'as is' without any warranty as to accuracy or completeness.,no_warranty,NDA,SG,en,LexGuard-RefPack-NDA,2025-09-16,internal:lexguard/nda_ref_pack_v1,True,No Warranty. Confidential Information is provided 'as is' without any warranty as to accuracy or completeness.
NDA_REF_INTL_2025_V1,injunctive_relief-126,Section 6(2),6,2,Injunctive Relief. Breach may cause irreparable harm; Disclosing Party is entitled to injunctive relief without bond.,injunctive_relief,NDA,US-CA,en,LexGuard-RefPack-NDA,2025-09-16,internal:lexguard/nda_ref_pack_v1,True,Injunctive Relief. Breach may cause irreparable harm; Disclosing Party is entitled to injunctive relief without bond.
NDA_REF_INTL_2025_V1,governing_law-127,Section 7(3),7,3,"Governing Law. This Agreement is governed by the laws of the State of California, excluding its conflict‑of‑laws rules.",governing_law,NDA,US-CA,en,LexGuard-RefPack-NDA,2025-09-16,internal:lexguard/nda_ref_pack_v1,True,"Governing Law. This Agreement is governed by the laws of the State of California, excluding its conflict‑of‑laws rules."
NDA_REF_INTL_2025_V1,jurisdiction_venue-128,Section 8(4),8,4,"Venue. The parties submit to the exclusive jurisdiction of state or federal courts located in San Francisco, California.",jurisdiction_venue,NDA,US-NY,en,LexGuard-RefPack-NDA,2025-09-16,internal:lexguard/nda_ref_pack_v1,True,"Venue. The parties submit to the exclusive jurisdiction of state or federal courts located in San Francisco, California."
NDA_REF_INTL_2025_V1,notices-129,Section 9(1),9,1,Notices. All notices must be in writing (including email) and are deemed received on business‑day delivery.,notices,NDA,UK,en,LexGuard-RefPack-NDA,2025-09-16,internal:lexguard/nda_ref_pack_v1,True,Notices. All notices must be in writing (including email) and are deemed received on business‑day delivery.
NDA_REF_INTL_2025_V1,assignment-130,Section 10(2),10,2,"Assignment. Neither party may assign this Agreement without prior written consent, except to a successor in connection with a merger or sale of substantially all assets.",assignment,NDA,US-NY,en,LexGuard-RefPack-NDA,2025-09-16,internal:lexguard/nda_ref_pack_v1,True,"Assignment. Neither party may assign this Agreement without prior written consent, except to a successor in connection with a merger or sale of substantially all assets."
NDA_REF_INTL_2025_V1,amendment-131,Section 11(3),11,3,Amendment. Any modification must be in a writing signed by both parties.,amendment,NDA,US-CA,en,LexGuard-RefPack-NDA,2025-09-16,internal:lexguard/nda_ref_pack_v1,True,Amendment. Any modification must be in a writing signed by both parties.
NDA_REF_INTL_2025_V1,waiver-132,Section 12(4),12,4,Waiver. Failure to enforce a right is not a waiver of future enforcement of that or any other right.,waiver,NDA,UK,en,LexGuard-RefPack-NDA,2025-09-16,internal:lexguard/nda_ref_pack_v1,True,Waiver. Failure to enforce a right is not a waiver of future enforcement of that or any other right.
NDA_REF_INTL_2025_V1,severability-133,Section 13(1),13,1,"Severability. If any provision is held unenforceable, the remainder will remain in effect.",severability,NDA,UK,en,LexGuard-RefPack-NDA,2025-09-16,internal:lexguard/nda_ref_pack_v1,True,"Severability. If any provision is held unenforceable, the remainder will remain in effect."
NDA_REF_INTL_2025_V1,entire_agreement-134,Section 14(2),14,2,Entire Agreement. This Agreement constitutes the entire agreement regarding its subject matter and supersedes prior understandings.,entire_agreement,NDA,UK,en,LexGuard-RefPack-NDA,2025-09-16,internal:lexguard/nda_ref_pack_v1,True,Entire Agreement. This Agreement constitutes the entire agreement regarding its subject matter and supersedes prior understandings.
NDA_REF_INTL_2025_V1,counterparts-135,Section 15(3),15,3,Counterparts. This Agreement may be executed in counterparts and by electronic signatures.,counterparts,NDA,UK,en,LexGuard-RefPack-NDA,2025-09-16,internal:lexguard/nda_ref_pack_v1,True,Counterparts. This Agreement may be executed in counterparts and by electronic signatures.
NDA_REF_INTL_2025_V1,export_control-136,Section 1(4),1,4,Export Control. Each party will comply with applicable export laws and will not export or re‑export controlled items.,export_control,NDA,US-NY,en,LexGuard-RefPack-NDA,2025-09-16,internal:lexguard/nda_ref_pack_v1,True,Export Control. Each party will comply with applicable export laws and will not export or re‑export controlled items.
NDA_REF_INTL_2025_V1,non_solicitation-137,Section 2(1),2,1,"Non‑Solicitation. During the term and for twelve (12) months thereafter, neither party will solicit the other party's employees (general solicitations excluded).",non_solicitation,NDA,EU,en,LexGuard-RefPack-NDA,2025-09-16,internal:lexguard/nda_ref_pack_v1,True,"Non‑Solicitation. During the term and for twelve (12) months thereafter, neither party will solicit the other party's employees (general solicitations excluded)."
NDA_REF_INTL_2025_V1,publicity-138,Section 3(2),3,2,Publicity. Neither party may use the other's name or marks in publicity without prior written consent.,publicity,NDA,US-CA,en,LexGuard-RefPack-NDA,2025-09-16,internal:lexguard/nda_ref_pack_v1,True,Publicity. Neither party may use the other's name or marks in publicity without prior written consent.
NDA_REF_INTL_2025_V1,data_protection-139,Section 4(3),4,3,"Data Protection. If personal data is processed, the parties will implement appropriate safeguards and comply with applicable privacy laws (including GDPR, where applicable).",data_protection,NDA,JP,en,LexGuard-RefPack-NDA,2025-09-16,internal:lexguard/nda_ref_pack_v1,True,"Data Protection. If personal data is processed, the parties will implement appropriate safeguards and comply with applicable privacy laws (including GDPR, where applicable)."
NDA_REF_INTL_2025_V1,audit_rights-140,Section 5(4),5,4,"Audit Rights. Disclosing Party may, on reasonable notice, verify Recipient's compliance with this Agreement.",audit_rights,NDA,US-CA,en,LexGuard-RefPack-NDA,2025-09-16,internal:lexguard/nda_ref_pack_v1,True,"Audit Rights. Disclosing Party may, on reasonable notice, verify Recipient's compliance with this Agreement."
NDA_REF_INTL_2025_V1,definitions-141,Section 6(1),6,1,"Definitions. 'Purpose' means evaluation of a potential business relationship. 'Materials' include all written, oral, and electronic information.",definitions,NDA,SG,en,LexGuard-RefPack-NDA,2025-09-16,internal:lexguard/nda_ref_pack_v1,True,"Definitions. 'Purpose' means evaluation of a potential business relationship. 'Materials' include all written, oral, and electronic information."
NDA_REF_INTL_2025_V1,confidential_information_definition-142,Section 7(2),7,2,"Definition of Confidential Information. 'Confidential Information' means all non‑public technical, commercial, financial, and customer information, including samples, drawings, and code, and any information that, by its nature, should reasonably be considered confidential.",confidential_information_definition,NDA,SG,en,LexGuard-RefPack-NDA,2025-09-16,internal:lexguard/nda_ref_pack_v1,True,"Definition of Confidential Information. 'Confidential Information' means all non‑public technical, commercial, financial, and customer information, including samples, drawings, and code, and any information that, by its nature, should reasonably be considered confidential."
NDA_REF_INTL_2025_V1,purpose-143,Section 8(3),8,3,Purpose. Recipient shall use the Confidential Information solely to evaluate the Purpose and for no other reason.,purpose,NDA,US-CA,en,LexGuard-RefPack-NDA,2025-09-16,internal:lexguard/nda_ref_pack_v1,True,Purpose. Recipient shall use the Confidential Information solely to evaluate the Purpose and for no other reason.
NDA_REF_INTL_2025_V1,non_disclosure-144,Section 9(4),9,4,Non‑Disclosure. Recipient shall not disclose Confidential Information to any third party and shall protect it with at least reasonable care.,non_disclosure,NDA,US-NY,en,LexGuard-RefPack-NDA,2025-09-16,internal:lexguard/nda_ref_pack_v1,True,Non‑Disclosure. Recipient shall not disclose Confidential Information to any third party and shall protect it with at least reasonable care.
NDA_REF_INTL_2025_V1,non_use-145,Section 10(1),10,1,Non‑Use. Recipient shall not use Confidential Information for any purpose other than the Purpose.,non_use,NDA,SG,en,LexGuard-RefPack-NDA,2025-09-16,internal:lexguard/nda_ref_pack_v1,True,Non‑Use. Recipient shall not use Confidential Information for any purpose other than the Purpose.
NDA_REF_INTL_2025_V1,exclusions-146,Section 11(2),11,2,Exclusions. Confidential Information does not include information that (i) was public when disclosed; (ii) becomes public through no fault of Recipient; (iii) is rightfully obtained from a third party; (iv) is independently developed without use of the Confidential Information.,exclusions,NDA,JP,en,LexGuard-RefPack-NDA,2025-09-16,internal:lexguard/nda_ref_pack_v1,True,Exclusions. Confidential Information does not include information that (i) was public when disclosed; (ii) becomes public through no fault of Recipient; (iii) is rightfully obtained from a third party; (iv) is independently developed without use of the Confidential Information.
NDA_REF_INTL_2025_V1,permitted_disclosure-147,Section 12(3),12,3,"Permitted Disclosure. Recipient may disclose as required by law or court order, provided it gives prior notice where lawful and discloses only what is legally necessary. Employees and advisors may access on a need‑to‑know basis under equivalent obligations.",permitted_disclosure,NDA,UK,en,LexGuard-RefPack-NDA,2025-09-16,internal:lexguard/nda_ref_pack_v1,True,"Permitted Disclosure. Recipient may disclose as required by law or court order, provided it gives prior notice where lawful and discloses only what is legally necessary. Employees and advisors may access on a need‑to‑know basis under equivalent obligations."
NDA_REF_INTL_2025_V1,term-148,Section 13(4),13,4,Term. This Agreement remains in effect for three (3) years from the Effective Date.,term,NDA,SG,en,LexGuard-RefPack-NDA,2025-09-16,internal:lexguard/nda_ref_pack_v1,True,Term. This Agreement remains in effect for three (3) years from the Effective Date.
NDA_REF_INTL_2025_V1,survival-149,Section 14(1),14,1,"Survival. Obligations regarding confidentiality, non‑use, remedies, and governing law survive for five (5) years; trade secrets survive for so long as they remain trade secrets.",survival,NDA,SG,en,LexGuard-RefPack-NDA,2025-09-16,internal:lexguard/nda_ref_pack_v1,True,"Survival. Obligations regarding confidentiality, non‑use, remedies, and governing law survive for five (5) years; trade secrets survive for so long as they remain trade secrets."
NDA_REF_INTL_2025_V1,return_or_destruction-150,Section 15(2),15,2,"Return/Destruction. Upon request, Recipient shall promptly return or irreversibly destroy all Confidential Information and certify such destruction in writing.",return_or_destruction,NDA,SG,en,LexGuard-RefPack-NDA,2025-09-16,internal:lexguard/nda_ref_pack_v1,True,"Return/Destruction. Upon request, Recipient shall promptly return or irreversibly destroy all Confidential Information and certify such destruction in writing."
NDA_REF_INTL_2025_V1,residuals-151,Section 1(3),1,3,"Residuals. Recipient may use information retained in unaided memory in the form of general ideas or concepts; intentional memorization, verbatim use, and reverse engineering are prohibited.",residuals,NDA,UK,en,LexGuard-RefPack-NDA,2025-09-16,internal:lexguard/nda_ref_pack_v1,True,"Residuals. Recipient may use information retained in unaided memory in the form of general ideas or concepts; intentional memorization, verbatim use, and reverse engineering are prohibited."
NDA_REF_INTL_2025_V1,ownership_no_license-152,Section 2(4),2,4,"Ownership; No License. Disclosing Party retains all rights, and no license is granted by implication or otherwise.",ownership_no_license,NDA,EU,en,LexGuard-RefPack-NDA,2025-09-16,internal:lexguard/nda_ref_pack_v1,True,"Ownership; No License. Disclosing Party retains all rights, and no license is granted by implication or otherwise."
NDA_REF_INTL_2025_V1,no_warranty-153,Section 3(1),3,1,No Warranty. Confidential Information is provided 'as is' without any warranty as to accuracy or completeness.,no_warranty,NDA,JP,en,LexGuard-RefPack-NDA,2025-09-16,internal:lexguard/nda_ref_pack_v1,True,No Warranty. Confidential Information is provided 'as is' without any warranty as to accuracy or completeness.
NDA_REF_INTL_2025_V1,injunctive_relief-154,Section 4(2),4,2,Injunctive Relief. Breach may cause irreparable harm; Disclosing Party is entitled to injunctive relief without bond.,injunctive_relief,NDA,US-NY,en,LexGuard-RefPack-NDA,2025-09-16,internal:lexguard/nda_ref_pack_v1,True,Injunctive Relief. Breach may cause irreparable harm; Disclosing Party is entitled to injunctive relief without bond.
NDA_REF_INTL_2025_V1,governing_law-155,Section 5(3),5,3,"Governing Law. This Agreement is governed by the laws of the State of California, excluding its conflict‑of‑laws rules.",governing_law,NDA,UK,en,LexGuard-RefPack-NDA,2025-09-16,internal:lexguard/nda_ref_pack_v1,True,"Governing Law. This Agreement is governed by the laws of the State of California, excluding its conflict‑of‑laws rules."
NDA_REF_INTL_2025_V1,jurisdiction_venue-156,Section 6(4),6,4,"Venue. The parties submit to the exclusive jurisdiction of state or federal courts located in San Francisco, California.",jurisdiction_venue,NDA,JP,en,LexGuard-RefPack-NDA,2025-09-16,internal:lexguard/nda_ref_pack_v1,True,"Venue. The parties submit to the exclusive jurisdiction of state or federal courts located in San Francisco, California."
NDA_REF_INTL_2025_V1,notices-157,Section 7(1),7,1,Notices. All notices must be in writing (including email) and are deemed received on business‑day delivery.,notices,NDA,UK,en,LexGuard-RefPack-NDA,2025-09-16,internal:lexguard/nda_ref_pack_v1,True,Notices. All notices must be in writing (including email) and are deemed received on business‑day delivery.
NDA_REF_INTL_2025_V1,assignment-158,Section 8(2),8,2,"Assignment. Neither party may assign this Agreement without prior written consent, except to a successor in connection with a merger or sale of substantially all assets.",assignment,NDA,US-CA,en,LexGuard-RefPack-NDA,2025-09-16,internal:lexguard/nda_ref_pack_v1,True,"Assignment. Neither party may assign this Agreement without prior written consent, except to a successor in connection with a merger or sale of substantially all assets."
NDA_REF_INTL_2025_V1,amendment-159,Section 9(3),9,3,Amendment. Any modification must be in a writing signed by both parties.,amendment,NDA,UK,en,LexGuard-RefPack-NDA,2025-09-16,internal:lexguard/nda_ref_pack_v1,True,Amendment. Any modification must be in a writing signed by both parties.
NDA_REF_INTL_2025_V1,waiver-160,Section 10(4),10,4,Waiver. Failure to enforce a right is not a waiver of future enforcement of that or any other right.,waiver,NDA,US-CA,en,LexGuard-RefPack-NDA,2025-09-16,internal:lexguard/nda_ref_pack_v1,True,Waiver. Failure to enforce a right is not a waiver of future enforcement of that or any other right.
NDA_REF_INTL_2025_V1,severability-161,Section 11(1),11,1,"Severability. If any provision is held unenforceable, the remainder will remain in effect.",severability,NDA,SG,en,LexGuard-RefPack-NDA,2025-09-16,internal:lexguard/nda_ref_pack_v1,True,"Severability. If any provision is held unenforceable, the remainder will remain in effect."
NDA_REF_INTL_2025_V1,entire_agreement-162,Section 12(2),12,2,Entire Agreement. This Agreement constitutes the entire agreement regarding its subject matter and supersedes prior understandings.,entire_agreement,NDA,US-NY,en,LexGuard-RefPack-NDA,2025-09-16,internal:lexguard/nda_ref_pack_v1,True,Entire Agreement. This Agreement constitutes the entire agreement regarding its subject matter and supersedes prior understandings.
NDA_REF_INTL_2025_V1,counterparts-163,Section 13(3),13,3,Counterparts. This Agreement may be executed in counterparts and by electronic signatures.,counterparts,NDA,US-CA,en,LexGuard-RefPack-NDA,2025-09-16,internal:lexguard/nda_ref_pack_v1,True,Counterparts. This Agreement may be executed in counterparts and by electronic signatures.
NDA_REF_INTL_2025_V1,export_control-164,Section 14(4),14,4,Export Control. Each party will comply with applicable export laws and will not export or re‑export controlled items.,export_control,NDA,EU,en,LexGuard-RefPack-NDA,2025-09-16,internal:lexguard/nda_ref_pack_v1,True,Export Control. Each party will comply with applicable export laws and will not export or re‑export controlled items.
NDA_REF_INTL_2025_V1,non_solicitation-165,Section 15(1),15,1,"Non‑Solicitation. During the term and for twelve (12) months thereafter, neither party will solicit the other party's employees (general solicitations excluded).",non_solicitation,NDA,US-NY,en,LexGuard-RefPack-NDA,2025-09-16,internal:lexguard/nda_ref_pack_v1,True,"Non‑Solicitation. During the term and for twelve (12) months thereafter, neither party will solicit the other party's employees (general solicitations excluded)."
NDA_REF_INTL_2025_V1,publicity-166,Section 1(2),1,2,Publicity. Neither party may use the other's name or marks in publicity without prior written consent.,publicity,NDA,SG,en,LexGuard-RefPack-NDA,2025-09-16,internal:lexguard/nda_ref_pack_v1,True,Publicity. Neither party may use the other's name or marks in publicity without prior written consent.
NDA_REF_INTL_2025_V1,data_protection-167,Section 2(3),2,3,"Data Protection. If personal data is processed, the parties will implement appropriate safeguards and comply with applicable privacy laws (including GDPR, where applicable).",data_protection,NDA,SG,en,LexGuard-RefPack-NDA,2025-09-16,internal:lexguard/nda_ref_pack_v1,True,"Data Protection. If personal data is processed, the parties will implement appropriate safeguards and comply with applicable privacy laws (including GDPR, where applicable)."
NDA_REF_INTL_2025_V1,audit_rights-168,Section 3(4),3,4,"Audit Rights. Disclosing Party may, on reasonable notice, verify Recipient's compliance with this Agreement.",audit_rights,NDA,JP,en,LexGuard-RefPack-NDA,2025-09-16,internal:lexguard/nda_ref_pack_v1,True,"Audit Rights. Disclosing Party may, on reasonable notice, verify Recipient's compliance with this Agreement."
NDA_REF_INTL_2025_V1,definitions-169,Section 4(1),4,1,"Definitions. 'Purpose' means evaluation of a potential business relationship. 'Materials' include all written, oral, and electronic information.",definitions,NDA,JP,en,LexGuard-RefPack-NDA,2025-09-16,internal:lexguard/nda_ref_pack_v1,True,"Definitions. 'Purpose' means evaluation of a potential business relationship. 'Materials' include all written, oral, and electronic information."
NDA_REF_INTL_2025_V1,confidential_information_definition-170,Section 5(2),5,2,"Definition of Confidential Information. 'Confidential Information' means all non‑public technical, commercial, financial, and customer information, including samples, drawings, and code, and any information that, by its nature, should reasonably be considered confidential.",confidential_information_definition,NDA,US-NY,en,LexGuard-RefPack-NDA,2025-09-16,internal:lexguard/nda_ref_pack_v1,True,"Definition of Confidential Information. 'Confidential Information' means all non‑public technical, commercial, financial, and customer information, including samples, drawings, and code, and any information that, by its nature, should reasonably be considered confidential."
NDA_REF_INTL_2025_V1,purpose-171,Section 6(3),6,3,Purpose. Recipient shall use the Confidential Information solely to evaluate the Purpose and for no other reason.,purpose,NDA,US-CA,en,LexGuard-RefPack-NDA,2025-09-16,internal:lexguard/nda_ref_pack_v1,True,Purpose. Recipient shall use the Confidential Information solely to evaluate the Purpose and for no other reason.
NDA_REF_INTL_2025_V1,non_disclosure-172,Section 7(4),7,4,Non‑Disclosure. Recipient shall not disclose Confidential Information to any third party and shall protect it with at least reasonable care.,non_disclosure,NDA,JP,en,LexGuard-RefPack-NDA,2025-09-16,internal:lexguard/nda_ref_pack_v1,True,Non‑Disclosure. Recipient shall not disclose Confidential Information to any third party and shall protect it with at least reasonable care.
NDA_REF_INTL_2025_V1,non_use-173,Section 8(1),8,1,Non‑Use. Recipient shall not use Confidential Information for any purpose other than the Purpose.,non_use,NDA,EU,en,LexGuard-RefPack-NDA,2025-09-16,internal:lexguard/nda_ref_pack_v1,True,Non‑Use. Recipient shall not use Confidential Information for any purpose other than the Purpose.
NDA_REF_INTL_2025_V1,exclusions-174,Section 9(2),9,2,Exclusions. Confidential Information does not include information that (i) was public when disclosed; (ii) becomes public through no fault of Recipient; (iii) is rightfully obtained from a third party; (iv) is independently developed without use of the Confidential Information.,exclusions,NDA,SG,en,LexGuard-RefPack-NDA,2025-09-16,internal:lexguard/nda_ref_pack_v1,True,Exclusions. Confidential Information does not include information that (i) was public when disclosed; (ii) becomes public through no fault of Recipient; (iii) is rightfully obtained from a third party; (iv) is independently developed without use of the Confidential Information.
NDA_REF_INTL_2025_V1,permitted_disclosure-175,Section 10(3),10,3,"Permitted Disclosure. Recipient may disclose as required by law or court order, provided it gives prior notice where lawful and discloses only what is legally necessary. Employees and advisors may access on a need‑to‑know basis under equivalent obligations.",permitted_disclosure,NDA,JP,en,LexGuard-RefPack-NDA,2025-09-16,internal:lexguard/nda_ref_pack_v1,True,"Permitted Disclosure. Recipient may disclose as required by law or court order, provided it gives prior notice where lawful and discloses only what is legally necessary. Employees and advisors may access on a need‑to‑know basis under equivalent obligations."
NDA_REF_INTL_2025_V1,term-176,Section 11(4),11,4,Term. This Agreement remains in effect for three (3) years from the Effective Date.,term,NDA,US-NY,en,LexGuard-RefPack-NDA,2025-09-16,internal:lexguard/nda_ref_pack_v1,True,Term. This Agreement remains in effect for three (3) years from the Effective Date.
NDA_REF_INTL_2025_V1,survival-177,Section 12(1),12,1,"Survival. Obligations regarding confidentiality, non‑use, remedies, and governing law survive for five (5) years; trade secrets survive for so long as they remain trade secrets.",survival,NDA,SG,en,LexGuard-RefPack-NDA,2025-09-16,internal:lexguard/nda_ref_pack_v1,True,"Survival. Obligations regarding confidentiality, non‑use, remedies, and governing law survive for five (5) years; trade secrets survive for so long as they remain trade secrets."
NDA_REF_INTL_2025_V1,return_or_destruction-178,Section 13(2),13,2,"Return/Destruction. Upon request, Recipient shall promptly return or irreversibly destroy all Confidential Information and certify such destruction in writing.",return_or_destruction,NDA,EU,en,LexGuard-RefPack-NDA,2025-09-16,internal:lexguard/nda_ref_pack_v1,True,"Return/Destruction. Upon request, Recipient shall promptly return or irreversibly destroy all Confidential Information and certify such destruction in writing."
NDA_REF_INTL_2025_V1,residuals-179,Section 14(3),14,3,"Residuals. Recipient may use information retained in unaided memory in the form of general ideas or concepts; intentional memorization, verbatim use, and reverse engineering are prohibited.",residuals,NDA,US-CA,en,LexGuard-RefPack-NDA,2025-09-16,internal:lexguard/nda_ref_pack_v1,True,"Residuals. Recipient may use information retained in unaided memory in the form of general ideas or concepts; intentional memorization, verbatim use, and reverse engineering are prohibited."
NDA_REF_INTL_2025_V1,ownership_no_license-180,Section 15(4),15,4,"Ownership; No License. Disclosing Party retains all rights, and no license is granted by implication or otherwise.",ownership_no_license,NDA,EU,en,LexGuard-RefPack-NDA,2025-09-16,internal:lexguard/nda_ref_pack_v1,True,"Ownership; No License. Disclosing Party retains all rights, and no license is granted by implication or otherwise."
NDA_REF_INTL_2025_V1,no_warranty-181,Section 1(1),1,1,No Warranty. Confidential Information is provided 'as is' without any warranty as to accuracy or completeness.,no_warranty,NDA,US-CA,en,LexGuard-RefPack-NDA,2025-09-16,internal:lexguard/nda_ref_pack_v1,True,No Warranty. Confidential Information is provided 'as is' without any warranty as to accuracy or completeness.
NDA_REF_INTL_2025_V1,injunctive_relief-182,Section 2(2),2,2,Injunctive Relief. Breach may cause irreparable harm; Disclosing Party is entitled to injunctive relief without bond.,injunctive_relief,NDA,US-NY,en,LexGuard-RefPack-NDA,2025-09-16,internal:lexguard/nda_ref_pack_v1,True,Injunctive Relief. Breach may cause irreparable harm; Disclosing Party is entitled to injunctive relief without bond.
NDA_REF_INTL_2025_V1,governing_law-183,Section 3(3),3,3,"Governing Law. This Agreement is governed by the laws of the State of California, excluding its conflict‑of‑laws rules.",governing_law,NDA,US-NY,en,LexGuard-RefPack-NDA,2025-09-16,internal:lexguard/nda_ref_pack_v1,True,"Governing Law. This Agreement is governed by the laws of the State of California, excluding its conflict‑of‑laws rules."
NDA_REF_INTL_2025_V1,jurisdiction_venue-184,Section 4(4),4,4,"Venue. The parties submit to the exclusive jurisdiction of state or federal courts located in San Francisco, California.",jurisdiction_venue,NDA,SG,en,LexGuard-RefPack-NDA,2025-09-16,internal:lexguard/nda_ref_pack_v1,True,"Venue. The parties submit to the exclusive jurisdiction of state or federal courts located in San Francisco, California."
NDA_REF_INTL_2025_V1,notices-185,Section 5(1),5,1,Notices. All notices must be in writing (including email) and are deemed received on business‑day delivery.,notices,NDA,SG,en,LexGuard-RefPack-NDA,2025-09-16,internal:lexguard/nda_ref_pack_v1,True,Notices. All notices must be in writing (including email) and are deemed received on business‑day delivery.
NDA_REF_INTL_2025_V1,assignment-186,Section 6(2),6,2,"Assignment. Neither party may assign this Agreement without prior written consent, except to a successor in connection with a merger or sale of substantially all assets.",assignment,NDA,US-CA,en,LexGuard-RefPack-NDA,2025-09-16,internal:lexguard/nda_ref_pack_v1,True,"Assignment. Neither party may assign this Agreement without prior written consent, except to a successor in connection with a merger or sale of substantially all assets."
NDA_REF_INTL_2025_V1,amendment-187,Section 7(3),7,3,Amendment. Any modification must be in a writing signed by both parties.,amendment,NDA,JP,en,LexGuard-RefPack-NDA,2025-09-16,internal:lexguard/nda_ref_pack_v1,True,Amendment. Any modification must be in a writing signed by both parties.
NDA_REF_INTL_2025_V1,waiver-188,Section 8(4),8,4,Waiver. Failure to enforce a right is not a waiver of future enforcement of that or any other right.,waiver,NDA,SG,en,LexGuard-RefPack-NDA,2025-09-16,internal:lexguard/nda_ref_pack_v1,True,Waiver. Failure to enforce a right is not a waiver of future enforcement of that or any other right.
NDA_REF_INTL_2025_V1,severability-189,Section 9(1),9,1,"Severability. If any provision is held unenforceable, the remainder will remain in effect.",severability,NDA,EU,en,LexGuard-RefPack-NDA,2025-09-16,internal:lexguard/nda_ref_pack_v1,True,"Severability. If any provision is held unenforceable, the remainder will remain in effect."
NDA_REF_INTL_2025_V1,entire_agreement-190,Section 10(2),10,2,Entire Agreement. This Agreement constitutes the entire agreement regarding its subject matter and supersedes prior understandings.,entire_agreement,NDA,UK,en,LexGuard-RefPack-NDA,2025-09-16,internal:lexguard/nda_ref_pack_v1,True,Entire Agreement. This Agreement constitutes the entire agreement regarding its subject matter and supersedes prior understandings.
NDA_REF_INTL_2025_V1,counterparts-191,Section 11(3),11,3,Counterparts. This Agreement may be executed in counterparts and by electronic signatures.,counterparts,NDA,US-CA,en,LexGuard-RefPack-NDA,2025-09-16,internal:lexguard/nda_ref_pack_v1,True,Counterparts. This Agreement may be executed in counterparts and by electronic signatures.
NDA_REF_INTL_2025_V1,export_control-192,Section 12(4),12,4,Export Control. Each party will comply with applicable export laws and will not export or re‑export controlled items.,export_control,NDA,EU,en,LexGuard-RefPack-NDA,2025-09-16,internal:lexguard/nda_ref_pack_v1,True,Export Control. Each party will comply with applicable export laws and will not export or re‑export controlled items.
NDA_REF_INTL_2025_V1,non_solicitation-193,Section 13(1),13,1,"Non‑Solicitation. During the term and for twelve (12) months thereafter, neither party will solicit the other party's employees (general solicitations excluded).",non_solicitation,NDA,EU,en,LexGuard-RefPack-NDA,2025-09-16,internal:lexguard/nda_ref_pack_v1,True,"Non‑Solicitation. During the term and for twelve (12) months thereafter, neither party will solicit the other party's employees (general solicitations excluded)."
NDA_REF_INTL_2025_V1,publicity-194,Section 14(2),14,2,Publicity. Neither party may use the other's name or marks in publicity without prior written consent.,publicity,NDA,JP,en,LexGuard-RefPack-NDA,2025-09-16,internal:lexguard/nda_ref_pack_v1,True,Publicity. Neither party may use the other's name or marks in publicity without prior written consent.
NDA_REF_INTL_2025_V1,data_protection-195,Section 15(3),15,3,"Data Protection. If personal data is processed, the parties will implement appropriate safeguards and comply with applicable privacy laws (including GDPR, where applicable).",data_protection,NDA,JP,en,LexGuard-RefPack-NDA,2025-09-16,internal:lexguard/nda_ref_pack_v1,True,"Data Protection. If personal data is processed, the parties will implement appropriate safeguards and comply with applicable privacy laws (including GDPR, where applicable)."
NDA_REF_INTL_2025_V1,audit_rights-196,Section 1(4),1,4,"Audit Rights. Disclosing Party may, on reasonable notice, verify Recipient's compliance with this Agreement.",audit_rights,NDA,EU,en,LexGuard-RefPack-NDA,2025-09-16,internal:lexguard/nda_ref_pack_v1,True,"Audit Rights. Disclosing Party may, on reasonable notice, verify Recipient's compliance with this Agreement."
NDA_REF_INTL_2025_V1,definitions-197,Section 2(1),2,1,"Definitions. 'Purpose' means evaluation of a potential business relationship. 'Materials' include all written, oral, and electronic information.",definitions,NDA,SG,en,LexGuard-RefPack-NDA,2025-09-16,internal:lexguard/nda_ref_pack_v1,True,"Definitions. 'Purpose' means evaluation of a potential business relationship. 'Materials' include all written, oral, and electronic information."
NDA_REF_INTL_2025_V1,confidential_information_definition-198,Section 3(2),3,2,"Definition of Confidential Information. 'Confidential Information' means all non‑public technical, commercial, financial, and customer information, including samples, drawings, and code, and any information that, by its nature, should reasonably be considered confidential.",confidential_information_definition,NDA,US-NY,en,LexGuard-RefPack-NDA,2025-09-16,internal:lexguard/nda_ref_pack_v1,True,"Definition of Confidential Information. 'Confidential Information' means all non‑public technical, commercial, financial, and customer information, including samples, drawings, and code, and any information that, by its nature, should reasonably be considered confidential."
NDA_REF_INTL_2025_V1,purpose-199,Section 4(3),4,3,Purpose. Recipient shall use the Confidential Information solely to evaluate the Purpose and for no other reason.,purpose,NDA,US-NY,en,LexGuard-RefPack-NDA,2025-09-16,internal:lexguard/nda_ref_pack_v1,True,Purpose. Recipient shall use the Confidential Information solely to evaluate the Purpose and for no other reason.
NDA_REF_INTL_2025_V1,non_disclosure-200,Section 5(4),5,4,Non‑Disclosure. Recipient shall not disclose Confidential Information to any third party and shall protect it with at least reasonable care.,non_disclosure,NDA,US-CA,en,LexGuard-RefPack-NDA,2025-09-16,internal:lexguard/nda_ref_pack_v1,True,Non‑Disclosure. Recipient shall not disclose Confidential Information to any third party and shall protect it with at least reasonable care.
